customer_id,transaction_count,spending_ratio,join_date,age,gender,education_level,employment_type,annual_income,loan_amount,credit_score,default_flag,repayment_history,inflation_rate,interest_rate,year,month,day,weekday,region_North,region_South,region_West,loan_purpose_Education Loan,loan_purpose_Home Loan,loan_purpose_Personal Loan,income_group,high_income_flag,income_quantile,income_kmeans,join_year,debt_to_income,avg_monthly_transactions,spending_to_income
1,348,0.246,2019-01-23,54.0,0,1,Self-Employed,158466.0,95213.0,596.0,0,Good,4.308858071680285,10.079461641692053,2019,1,23,2,False,True,False,False,False,True,High,1,Q4,1,2019,0.6008418209584391,29.0,38982.636
2,218,0.877,2019-06-15,21.0,0,2,Self-Employed,139129.0,67720.0,306.0,1,Average,4.735687398771708,10.034367657754018,2019,6,15,5,False,False,True,False,False,True,High,1,Q3,0,2019,0.4867425195322327,18.166666666666668,122016.133
3,416,0.187,2019-01-14,21.0,1,3,Self-Employed,26663.0,40113.0,373.0,1,Average,7.57669360299483,9.180392526842612,2019,1,14,0,False,True,False,False,False,True,Low,0,Q1,2,2019,1.5044443610996512,34.666666666666664,4985.981
4,247,0.153,2023-05-09,42.0,0,4,Unemployed,155955.0,94946.0,699.0,1,Poor,6.386952800159565,8.390403606125172,2023,5,9,1,False,False,False,False,True,False,High,1,Q4,1,2023,0.6088038216152095,20.583333333333332,23861.114999999998
5,306,0.11,2020-03-10,41.0,0,3,Self-Employed,59359.0,16431.0,857.0,1,Good,6.69759181947231,11.000303407651717,2020,3,10,1,False,True,False,False,False,False,Medium,0,Q1,2,2020,0.27680722384137196,25.5,6529.49
6,155,0.831,2022-09-24,51.0,1,2,Salaried,50039.0,42386.0,478.0,0,Good,6.833290539623324,10.412514889066921,2022,9,24,5,False,False,False,False,True,False,Medium,0,Q1,2,2022,0.8470592937508743,12.916666666666666,41582.409
7,461,0.817,2018-12-02,58.0,1,1,Salaried,156535.0,5541.0,864.0,1,Good,6.691720044196126,9.020912346711324,2018,12,2,6,False,True,False,False,True,False,High,1,Q4,1,2018,0.03539783435014533,38.416666666666664,127889.09499999999
8,380,0.48,2022-03-10,30.0,0,1,Self-Employed,38345.0,33957.0,416.0,1,Average,7.8301900827291515,10.634343996745773,2022,3,10,3,False,False,False,False,True,False,Low,0,Q1,2,2022,0.8855652627461208,31.666666666666668,18405.6
9,293,0.414,2019-09-12,55.0,0,3,Salaried,22686.0,28126.0,769.0,0,Average,5.538320389025688,10.133294000974276,2019,9,12,3,True,False,False,False,True,False,Low,0,Q1,2,2019,1.2397954685709247,24.416666666666668,9392.003999999999
10,70,0.141,2019-04-15,34.0,1,1,Unemployed,105616.0,19359.0,342.0,0,Good,5.1732102279342165,11.777888880995013,2019,4,15,0,False,False,False,False,False,True,High,1,Q2,0,2019,0.18329609150128767,5.833333333333333,14891.855999999998
11,167,0.525,2018-08-16,21.0,1,3,Salaried,36144.0,90504.0,735.0,1,Poor,7.508887300389025,11.414114841007674,2018,8,16,3,True,False,False,False,False,False,Low,0,Q1,2,2018,2.50398406374502,13.916666666666666,18975.600000000002
12,10,0.659,2018-10-01,64.0,0,1,Self-Employed,55738.0,34053.0,897.0,0,Poor,5.384254694835503,11.499994977154744,2018,10,1,0,False,True,False,False,False,False,Medium,0,Q1,2,2018,0.6109476479242169,0.8333333333333334,36731.342000000004
13,54,0.253,2023-04-22,57.0,1,3,Self-Employed,24264.0,97300.0,650.0,1,Poor,5.973421371276464,9.701551808444492,2023,4,22,5,False,False,False,True,False,False,Low,0,Q1,2,2023,4.010056050115398,4.5,6138.792
14,245,0.122,2022-03-19,52.0,0,2,Self-Employed,190278.0,69049.0,570.0,0,Good,4.9920347047289315,7.168845317649334,2022,3,19,5,False,False,True,False,False,True,High,1,Q4,1,2022,0.36288483166734986,20.416666666666668,23213.916
15,219,0.229,2023-02-14,32.0,1,1,Unemployed,170020.0,47004.0,567.0,0,Average,7.371470235131065,7.967756160200428,2023,2,14,1,False,False,False,False,False,True,High,1,Q4,1,2023,0.2764615927537937,18.25,38934.58
16,496,0.942,2020-10-10,40.0,1,1,Unemployed,101791.0,85823.0,685.0,1,Poor,5.509070618570414,11.627417323399794,2020,10,10,5,True,False,False,True,False,False,High,1,Q2,0,2020,0.8431295497637316,41.333333333333336,95887.12199999999
17,421,0.301,2021-07-08,61.0,0,3,Self-Employed,158246.0,15874.0,723.0,1,Good,6.5489849128157225,6.026682952683838,2021,7,8,3,False,False,True,False,True,False,High,1,Q4,1,2021,0.10031217218760664,35.083333333333336,47632.045999999995
18,229,0.958,2021-03-04,57.0,0,4,Salaried,102578.0,68726.0,679.0,1,Poor,4.025635582927549,7.91540112569288,2021,3,4,3,False,False,False,True,False,False,High,1,Q2,0,2021,0.6699877166643919,19.083333333333332,98269.724
19,272,0.012,2020-01-23,32.0,0,4,Self-Employed,91713.0,82649.0,716.0,1,Average,4.05659186825158,9.841254065250405,2020,1,23,3,False,True,False,True,False,False,Medium,0,Q2,0,2020,0.9011699540959297,22.666666666666668,1100.556
20,57,0.945,2022-12-08,22.0,0,3,Unemployed,49513.0,97837.0,359.0,0,Average,6.32742878954657,10.813147751623525,2022,12,8,3,True,False,False,True,False,False,Low,0,Q1,2,2022,1.9759861046593823,4.75,46789.784999999996
21,408,0.55,2018-12-26,48.0,1,4,Unemployed,49812.0,65287.0,306.0,0,Good,4.7695657107715945,9.85237521157365,2018,12,26,2,False,False,True,True,False,False,Low,0,Q1,2,2018,1.3106681121015016,34.0,27396.600000000002
22,310,0.192,2018-04-15,36.0,0,3,Self-Employed,88028.0,44009.0,552.0,0,Good,5.212493404090571,10.489044940740932,2018,4,15,6,False,True,False,False,False,True,Medium,0,Q2,0,2018,0.49994319989094377,25.833333333333332,16901.376
23,418,0.654,2022-03-16,27.0,0,1,Unemployed,69697.0,53795.0,808.0,0,Good,5.980580267624311,8.382514454059491,2022,3,16,2,True,False,False,True,False,False,Medium,0,Q2,2,2022,0.7718409687647962,34.833333333333336,45581.838
24,81,0.456,2022-07-20,27.0,1,3,Unemployed,127637.0,50713.0,856.0,0,Good,6.809959525964979,10.590334016891115,2022,7,20,2,False,True,False,True,False,False,High,1,Q3,0,2022,0.39732209312346733,6.75,58202.472
25,417,0.749,2018-03-28,62.0,0,2,Salaried,46082.0,27041.0,837.0,0,Good,4.542726955170345,11.128717175349859,2018,3,28,2,False,True,False,True,False,False,Low,0,Q1,2,2018,0.5868017881168353,34.75,34515.418
26,224,0.903,2020-11-04,27.0,1,1,Salaried,108554.0,85093.0,308.0,1,Average,6.371992469304935,9.065970831377063,2020,11,4,2,False,True,False,False,False,True,High,1,Q2,0,2020,0.7838771487001861,18.666666666666668,98024.262
27,92,0.276,2021-11-15,46.0,0,4,Salaried,93478.0,51102.0,411.0,0,Average,6.1557647657301295,11.799314297858679,2021,11,15,0,True,False,False,False,False,True,Medium,0,Q2,0,2021,0.5466740837416291,7.666666666666667,25799.928000000004
28,257,0.298,2020-07-20,59.0,0,1,Self-Employed,90367.0,31686.0,474.0,1,Average,6.498649627174969,10.698662209076957,2020,7,20,0,False,False,False,False,True,False,Medium,0,Q2,0,2020,0.3506368475217723,21.416666666666668,26929.365999999998
29,353,0.302,2020-08-25,53.0,0,3,Unemployed,100292.0,6980.0,639.0,1,Poor,4.418132882919345,9.634630715480027,2020,8,25,1,False,False,False,True,False,False,High,1,Q2,0,2020,0.06959677740996291,29.416666666666668,30288.183999999997
30,469,0.623,2022-09-18,42.0,1,4,Self-Employed,73628.0,42583.0,899.0,0,Good,6.008367445556985,11.248777457483591,2022,9,18,6,False,False,True,True,False,False,Medium,0,Q2,2,2022,0.5783533438365839,39.083333333333336,45870.244
31,60,0.685,2019-05-21,66.0,1,1,Salaried,126154.0,37949.0,798.0,0,Poor,7.276285193497081,8.93537411136882,2019,5,21,1,True,False,False,False,False,True,High,1,Q3,0,2019,0.30081487705502796,5.0,86415.49
32,191,0.046,2019-10-26,69.0,0,3,Self-Employed,84584.0,51826.0,793.0,1,Good,6.619821046718863,11.318134381536524,2019,10,26,5,True,False,False,False,True,False,Medium,0,Q2,0,2019,0.6127163529745578,15.916666666666666,3890.864
33,42,0.214,2019-12-06,27.0,0,1,Salaried,86769.0,70357.0,542.0,1,Average,5.900305444429179,9.388032620259224,2019,12,6,4,False,False,False,False,False,False,Medium,0,Q2,0,2019,0.81085410688149,3.5,18568.566
34,132,0.413,2022-09-20,28.0,0,1,Salaried,180425.0,80123.0,883.0,1,Poor,5.034521374902852,9.30383098390876,2022,9,20,1,True,False,False,True,False,False,High,1,Q4,1,2022,0.4440792573091312,11.0,74515.525
35,76,0.655,2020-07-28,46.0,0,3,Unemployed,115965.0,80551.0,430.0,0,Poor,5.5572661830837475,10.836161401659734,2020,7,28,1,False,True,False,False,True,False,High,1,Q3,0,2020,0.6946147544517742,6.333333333333333,75957.075
36,391,0.513,2019-08-24,59.0,0,4,Self-Employed,144745.0,92922.0,482.0,1,Poor,7.754964287141277,10.626939248388382,2019,8,24,5,False,False,True,False,False,False,High,1,Q3,1,2019,0.641970361670524,32.583333333333336,74254.185
37,336,0.501,2020-05-03,26.0,0,3,Salaried,155367.0,68762.0,843.0,0,Poor,5.979144089701926,10.360985647660701,2020,5,3,6,False,False,False,False,True,False,High,1,Q4,1,2020,0.44257789620704524,28.0,77838.867
38,324,0.881,2018-02-08,25.0,1,2,Unemployed,177130.0,11834.0,765.0,0,Poor,4.5506549926151925,9.390664778161195,2018,2,8,3,True,False,False,True,False,False,High,1,Q4,1,2018,0.06680968779992096,27.0,156051.53
39,369,0.536,2023-06-21,23.0,0,4,Salaried,81421.0,60249.0,829.0,0,Average,7.998829507431029,8.726615883737205,2023,6,21,2,False,True,False,False,False,True,Medium,0,Q2,0,2023,0.739968804116874,30.75,43641.656
40,358,0.335,2021-10-04,65.0,1,4,Self-Employed,71574.0,83132.0,520.0,0,Good,5.351113595467288,8.502709570080889,2021,10,4,0,True,False,False,False,False,True,Medium,0,Q2,2,2021,1.1614832201637466,29.833333333333332,23977.29
41,367,0.281,2020-12-25,42.0,1,4,Unemployed,81628.0,92309.0,883.0,0,Poor,7.3934867209507695,7.2719194394005555,2020,12,25,4,False,False,True,True,False,False,Medium,0,Q2,0,2020,1.1308497084333806,30.583333333333332,22937.468
42,109,0.184,2019-07-27,66.0,0,3,Self-Employed,127348.0,52712.0,631.0,0,Poor,7.204401642012741,8.059766679930403,2019,7,27,5,True,False,False,False,False,False,High,1,Q3,0,2019,0.41392090963344536,9.083333333333334,23432.032
43,297,0.687,2023-05-19,54.0,0,3,Unemployed,105160.0,14714.0,591.0,0,Average,7.320434145258989,9.142355545608698,2023,5,19,4,False,False,False,False,False,False,High,1,Q2,0,2023,0.1399201217192849,24.75,72244.92000000001
44,31,0.385,2018-01-04,22.0,0,4,Salaried,30963.0,59492.0,675.0,0,Poor,5.4794130560520395,6.14478764836669,2018,1,4,3,False,True,False,False,False,False,Low,0,Q1,2,2018,1.9213900461841553,2.5833333333333335,11920.755000000001
45,404,0.594,2023-01-27,43.0,0,1,Unemployed,49744.0,47508.0,841.0,0,Average,6.814963668902065,10.856177983378387,2023,1,27,4,False,False,False,False,False,False,Low,0,Q1,2,2023,0.9550498552589257,33.666666666666664,29547.935999999998
46,54,0.583,2018-07-14,47.0,1,2,Self-Employed,136819.0,41770.0,673.0,0,Poor,4.4659634463805435,6.466379322840574,2018,7,14,5,False,False,True,False,False,True,High,1,Q3,0,2018,0.3052938553855824,4.5,79765.477
47,52,0.453,2022-03-28,50.0,1,2,Unemployed,52029.0,98142.0,646.0,0,Poor,6.74560225227985,7.9171810986672515,2022,3,28,0,False,False,False,False,True,False,Medium,0,Q1,2,2022,1.886294182090757,4.333333333333333,23569.137000000002
48,375,0.773,2018-09-16,31.0,1,4,Self-Employed,167399.0,86562.0,862.0,1,Good,5.8642358793442675,8.69680407610258,2018,9,16,6,False,True,False,False,True,False,High,1,Q4,1,2018,0.5170998632010944,31.25,129399.42700000001
49,408,0.625,2021-09-26,65.0,0,4,Self-Employed,115961.0,95728.0,411.0,1,Poor,6.666393717737368,7.085272776910197,2021,9,26,6,True,False,False,False,True,False,High,1,Q3,0,2021,0.8255189244659843,34.0,72475.625
50,153,0.136,2019-07-03,49.0,0,2,Self-Employed,65384.0,61491.0,349.0,0,Average,7.922532488964454,7.622567937679453,2019,7,3,2,False,False,True,False,True,False,Medium,0,Q2,2,2019,0.9404594396182552,12.75,8892.224
51,314,0.429,2019-03-03,38.0,0,2,Self-Employed,159761.0,54479.0,686.0,1,Poor,7.251778106451707,8.361287755572073,2019,3,3,6,False,False,False,False,False,False,High,1,Q4,1,2019,0.34100312341560207,26.166666666666668,68537.469
52,360,0.321,2023-05-15,38.0,1,1,Self-Employed,129256.0,67508.0,693.0,0,Good,5.216984666398506,10.34051382621086,2023,5,15,0,False,False,True,True,False,False,High,1,Q3,0,2023,0.5222813641146252,30.0,41491.176
53,107,0.199,2018-04-21,69.0,0,3,Self-Employed,163188.0,13458.0,562.0,0,Good,4.500676416011661,7.107061662085024,2018,4,21,5,True,False,False,True,False,False,High,1,Q4,1,2018,0.08246929921317744,8.916666666666666,32474.412
54,24,0.902,2019-09-26,37.0,0,2,Salaried,94934.0,45493.0,801.0,1,Average,7.788399541174105,11.50505822778781,2019,9,26,3,False,False,True,True,False,False,Medium,0,Q2,0,2019,0.47920660669517773,2.0,85630.46800000001
55,58,0.052,2022-12-13,28.0,0,2,Salaried,114539.0,37929.0,538.0,0,Poor,6.287955987421769,6.814148676048669,2022,12,13,1,True,False,False,True,False,False,High,1,Q3,0,2022,0.3311448502256873,4.833333333333333,5956.027999999999
56,347,0.968,2018-10-11,54.0,0,4,Salaried,54747.0,14279.0,447.0,0,Good,5.531920636408618,10.615674676524785,2018,10,11,3,True,False,False,False,False,True,Medium,0,Q1,2,2018,0.26081794436224814,28.916666666666668,52995.096
57,466,0.457,2020-02-27,66.0,1,2,Self-Employed,149346.0,31541.0,346.0,0,Good,4.50785624239833,11.26254698399393,2020,2,27,3,False,True,False,False,True,False,High,1,Q3,1,2020,0.21119413978278628,38.833333333333336,68251.122
58,246,0.275,2018-02-09,57.0,1,2,Self-Employed,184517.0,35412.0,567.0,0,Average,6.8232354406541615,10.266710357982692,2018,2,9,4,False,False,True,True,False,False,High,1,Q4,1,2018,0.19191727591495636,20.5,50742.175
59,272,0.239,2023-01-23,68.0,1,4,Salaried,120728.0,12137.0,332.0,1,Average,4.9064207430774145,8.942220504752287,2023,1,23,0,True,False,False,False,False,False,High,1,Q3,0,2023,0.10053177390497647,22.666666666666668,28853.992
60,472,0.859,2018-03-22,65.0,1,2,Salaried,160932.0,44806.0,442.0,1,Poor,7.187309904139109,7.500113903149004,2018,3,22,3,False,False,False,False,False,True,High,1,Q4,1,2018,0.2784157283821738,39.333333333333336,138240.588
61,370,0.479,2022-02-06,52.0,1,4,Salaried,179328.0,15557.0,621.0,1,Poor,4.925695303968379,9.555600728763359,2022,2,6,6,False,False,False,False,False,True,High,1,Q4,1,2022,0.08675165060670949,30.833333333333332,85898.112
62,108,0.511,2021-12-10,50.0,1,2,Self-Employed,60546.0,96997.0,694.0,0,Poor,4.0368181503783935,6.028007281314511,2021,12,10,4,True,False,False,True,False,False,Medium,0,Q1,2,2021,1.6020381197766986,9.0,30939.006
63,50,0.903,2021-01-10,61.0,1,2,Salaried,191512.0,61723.0,329.0,1,Poor,6.375521296522212,8.168875341874255,2021,1,10,6,False,False,True,False,False,True,High,1,Q4,1,2021,0.3222931200133673,4.166666666666667,172935.336
64,15,0.021,2020-02-16,59.0,0,3,Self-Employed,92273.0,44966.0,857.0,1,Good,6.913672484594663,10.903572678812433,2020,2,16,6,False,False,True,False,False,True,Medium,0,Q2,0,2020,0.48731481581827835,1.25,1937.7330000000002
65,86,0.759,2022-05-19,24.0,0,3,Salaried,61979.0,86567.0,860.0,0,Average,7.836475402405051,7.065387432641231,2022,5,19,3,False,False,False,True,False,False,Medium,0,Q1,2,2022,1.3967150163765145,7.166666666666667,47042.061
66,254,0.972,2018-04-04,41.0,1,2,Self-Employed,97342.0,41052.0,744.0,1,Poor,7.231724577264682,10.764821348259881,2018,4,4,2,False,False,False,False,False,True,Medium,0,Q2,0,2018,0.4217295720244088,21.166666666666668,94616.424
67,270,0.127,2020-09-08,58.0,1,1,Salaried,25105.0,26463.0,401.0,0,Average,6.037615146084314,7.72664977065516,2020,9,8,1,False,True,False,False,False,False,Low,0,Q1,2,2020,1.0540928101971718,22.5,3188.335
68,482,0.57,2018-01-14,33.0,1,4,Unemployed,34779.0,67442.0,432.0,1,Average,6.720143814256641,11.467296997017993,2018,1,14,6,False,True,False,False,False,False,Low,0,Q1,2,2018,1.9391586877138502,40.166666666666664,19824.03
69,351,0.381,2021-12-20,35.0,1,3,Salaried,104502.0,6958.0,778.0,0,Poor,5.773014918414006,6.96588534266224,2021,12,20,0,True,False,False,False,True,False,High,1,Q2,0,2021,0.06658245775200475,29.25,39815.262
70,412,0.787,2021-06-19,69.0,1,2,Salaried,191651.0,23648.0,497.0,0,Good,5.491973293211091,9.219350796165628,2021,6,19,5,False,False,False,False,False,False,High,1,Q4,1,2021,0.12339095543461813,34.333333333333336,150829.337
71,301,0.149,2020-07-04,38.0,0,1,Salaried,29327.0,21677.0,818.0,0,Poor,7.682319680211841,9.073389297785685,2020,7,4,5,False,False,True,False,True,False,Low,0,Q1,2,2020,0.7391482251849831,25.083333333333332,4369.723
72,401,0.257,2020-03-16,49.0,1,2,Self-Employed,181236.0,20365.0,388.0,0,Average,5.986654987213642,9.476362473966645,2020,3,16,0,True,False,False,False,False,False,High,1,Q4,1,2020,0.11236730009490388,33.416666666666664,46577.652
73,211,0.297,2019-05-15,53.0,0,1,Self-Employed,191508.0,77849.0,473.0,0,Poor,6.320032198153559,8.089218362491328,2019,5,15,2,False,False,True,False,False,True,High,1,Q4,1,2019,0.40650521127054745,17.583333333333332,56877.876
74,120,0.135,2020-09-08,62.0,1,3,Salaried,109059.0,9379.0,384.0,1,Good,6.6555449673138884,10.928739408439895,2020,9,8,1,False,True,False,True,False,False,High,1,Q2,0,2020,0.08599932146819611,10.0,14722.965
75,38,0.641,2020-01-16,56.0,0,3,Salaried,126325.0,82682.0,678.0,1,Good,7.625676688242242,11.58368183561643,2020,1,16,3,False,False,True,False,True,False,High,1,Q3,0,2020,0.654518108054621,3.1666666666666665,80974.325
76,101,0.994,2020-04-02,31.0,1,1,Salaried,72345.0,44621.0,433.0,1,Average,4.7992255219925175,8.937560015610174,2020,4,2,3,False,True,False,False,True,False,Medium,0,Q2,2,2020,0.6167807035731564,8.416666666666666,71910.93
77,112,0.499,2020-04-30,54.0,1,3,Unemployed,99606.0,9818.0,613.0,0,Average,5.735331666027795,8.13603912570664,2020,4,30,3,False,False,False,False,False,False,Medium,0,Q2,0,2020,0.09856835933578298,9.333333333333334,49703.394
78,30,0.976,2019-07-02,55.0,0,3,Unemployed,167932.0,43021.0,577.0,0,Poor,4.1182101327167135,6.272464715726257,2019,7,2,1,False,False,True,False,False,False,High,1,Q4,1,2019,0.2561810732915704,2.5,163901.63199999998
79,216,0.337,2021-04-13,46.0,0,2,Unemployed,181805.0,50473.0,507.0,0,Average,4.918471583285994,11.068240772280582,2021,4,13,1,False,True,False,True,False,False,High,1,Q4,1,2021,0.2776216275679987,18.0,61268.285
80,294,0.323,2022-08-25,65.0,1,3,Self-Employed,186613.0,43785.0,396.0,0,Poor,4.6251486079030855,11.988372229519083,2022,8,25,3,False,False,False,False,False,True,High,1,Q4,1,2022,0.2346299561123823,24.5,60275.999
81,311,0.184,2019-09-11,69.0,1,4,Salaried,35876.0,86311.0,411.0,0,Good,7.35009930542523,9.526851141744267,2019,9,11,2,False,True,False,False,False,True,Low,0,Q1,2,2019,2.405814472070465,25.916666666666668,6601.184
82,249,0.545,2022-12-22,53.0,0,1,Unemployed,51913.0,73797.0,333.0,0,Poor,6.123838568835513,11.35432957703473,2022,12,22,3,False,False,False,True,False,False,Medium,0,Q1,2,2022,1.4215514418353785,20.75,28292.585000000003
83,86,0.02,2023-03-16,22.0,1,2,Salaried,28639.0,47504.0,726.0,0,Poor,7.462305180585867,10.838707714451115,2023,3,16,3,False,False,False,False,False,False,Low,0,Q1,2,2023,1.6587171339781417,7.166666666666667,572.78
84,31,0.145,2020-09-02,46.0,0,4,Self-Employed,38767.0,25379.0,873.0,1,Poor,7.135784254294665,10.119533775990131,2020,9,2,2,False,True,False,False,False,False,Low,0,Q1,2,2020,0.6546547321175227,2.5833333333333335,5621.214999999999
85,247,0.629,2023-05-06,29.0,1,4,Unemployed,112693.0,73333.0,495.0,0,Average,7.441556774980466,11.017977452663152,2023,5,6,5,False,False,False,False,False,True,High,1,Q3,0,2023,0.65073252109714,20.583333333333332,70883.897
86,171,0.687,2020-10-26,47.0,0,4,Unemployed,21122.0,90091.0,678.0,1,Good,5.562808348869789,11.9606062619598,2020,10,26,0,False,False,True,True,False,False,Low,0,Q1,2,2020,4.26526844048859,14.25,14510.814
87,407,0.576,2019-09-07,49.0,1,4,Unemployed,30735.0,75252.0,479.0,1,Good,6.255318097386505,8.479765699030594,2019,9,7,5,False,True,False,True,False,False,Low,0,Q1,2,2019,2.4484138604197168,33.916666666666664,17703.359999999997
88,499,0.015,2022-09-11,55.0,1,4,Salaried,163550.0,51111.0,311.0,1,Good,6.7492751145500876,7.281095763267183,2022,9,11,6,False,False,True,True,False,False,High,1,Q4,1,2022,0.3125099357994497,41.583333333333336,2453.25
89,258,0.471,2020-10-03,45.0,0,1,Unemployed,163187.0,41154.0,661.0,1,Good,5.088222571057013,11.374976874237394,2020,10,3,5,True,False,False,False,False,True,High,1,Q4,1,2020,0.2521892062480467,21.5,76861.07699999999
90,396,0.756,2020-04-10,42.0,0,1,Salaried,114087.0,88766.0,345.0,1,Good,5.845258660248351,7.154335309857137,2020,4,10,4,False,False,False,True,False,False,High,1,Q3,0,2020,0.7780553437289086,33.0,86249.772
91,37,0.754,2018-08-10,53.0,0,1,Self-Employed,139298.0,47013.0,351.0,0,Poor,5.15453779533067,9.527752037822065,2018,8,10,4,True,False,False,False,False,True,High,1,Q3,0,2018,0.3374994615859524,3.0833333333333335,105030.692
92,213,0.453,2019-05-27,38.0,1,1,Salaried,75154.0,55909.0,519.0,0,Poor,5.609259208972045,10.956710990419257,2019,5,27,0,True,False,False,True,False,False,Medium,0,Q2,2,2019,0.7439258056790058,17.75,34044.762
93,213,0.055,2018-08-06,43.0,0,1,Self-Employed,193752.0,53524.0,865.0,1,Average,4.436600688057647,9.038103537679266,2018,8,6,0,True,False,False,True,False,False,High,1,Q4,1,2018,0.27625005161237043,17.75,10656.36
94,72,0.324,2023-03-05,59.0,0,1,Unemployed,30198.0,23845.0,564.0,1,Average,4.577793004898062,6.605127773771654,2023,3,5,6,False,False,True,False,False,False,Low,0,Q1,2,2023,0.789621829260216,6.0,9784.152
95,164,0.247,2023-02-10,47.0,0,3,Self-Employed,190367.0,29735.0,395.0,0,Poor,6.547545396742135,9.360043255640882,2023,2,10,4,False,False,False,True,False,False,High,1,Q4,1,2023,0.15619829067012664,13.666666666666666,47020.649
96,471,0.811,2018-03-26,60.0,1,4,Salaried,62497.0,6161.0,676.0,0,Good,5.217846579381357,7.567474003775213,2018,3,26,0,False,True,False,False,False,True,Medium,0,Q1,2,2018,0.09858073187513,39.25,50685.067
97,253,0.238,2022-11-18,62.0,0,4,Salaried,24776.0,22461.0,558.0,1,Average,5.914204489058833,6.182544279954221,2022,11,18,4,False,False,True,False,False,False,Low,0,Q1,2,2022,0.9065628027123023,21.083333333333332,5896.688
98,381,0.207,2018-07-23,63.0,0,4,Self-Employed,194683.0,53238.0,384.0,0,Average,6.675752858586171,11.405503841035886,2018,7,23,0,False,True,False,False,False,False,High,1,Q4,1,2018,0.2734599323002008,31.75,40299.381
99,12,0.17,2020-06-13,29.0,1,2,Unemployed,155844.0,94684.0,836.0,1,Good,7.821448600781194,6.505359220315451,2020,6,13,5,False,False,True,False,True,False,High,1,Q4,1,2020,0.6075562742229409,1.0,26493.480000000003
100,169,0.302,2022-10-19,61.0,0,2,Unemployed,58776.0,33989.0,646.0,0,Average,7.532141784391306,9.99248277218504,2022,10,19,2,False,False,True,False,False,True,Medium,0,Q1,2,2022,0.5782802504423574,14.083333333333334,17750.352
101,153,0.969,2020-03-02,39.0,0,3,Salaried,79473.0,49808.0,706.0,1,Poor,6.100776631430501,11.403196134502732,2020,3,2,0,False,True,False,False,False,True,Medium,0,Q2,2,2020,0.6267285744844161,12.75,77009.337
102,419,0.168,2023-04-18,49.0,0,1,Unemployed,177671.0,96806.0,395.0,0,Good,4.828978731966501,6.299968683095838,2023,4,18,1,False,True,False,False,False,False,High,1,Q4,1,2023,0.5448610071424149,34.916666666666664,29848.728000000003
103,490,0.546,2018-10-02,33.0,0,2,Unemployed,75448.0,59997.0,575.0,1,Good,5.9247275421450345,7.213735080536072,2018,10,2,1,False,False,False,False,False,True,Medium,0,Q2,2,2018,0.7952099459230199,40.833333333333336,41194.608
104,465,0.403,2020-07-06,27.0,0,2,Self-Employed,29733.0,80680.0,844.0,0,Poor,4.307120771056363,11.274532010479463,2020,7,6,0,True,False,False,False,False,True,Low,0,Q1,2,2020,2.7134833350149665,38.75,11982.399000000001
105,117,0.455,2018-08-22,63.0,0,2,Unemployed,176507.0,32797.0,506.0,1,Poor,7.208682718385884,9.044028861302372,2018,8,22,2,False,True,False,False,False,False,High,1,Q4,1,2018,0.1858113275960727,9.75,80310.685
106,369,0.802,2018-05-16,30.0,1,1,Unemployed,150946.0,30129.0,750.0,1,Good,5.345671590297323,10.921005841044161,2018,5,16,2,False,False,True,False,False,True,High,1,Q3,1,2018,0.19960118187961257,30.75,121058.69200000001
107,402,0.666,2023-03-29,41.0,1,1,Salaried,115222.0,54930.0,344.0,0,Good,5.446599802709962,11.393172328774757,2023,3,29,2,True,False,False,False,False,True,High,1,Q3,0,2023,0.47673187412126156,33.5,76737.852
108,17,0.263,2021-07-16,46.0,0,2,Unemployed,190475.0,83971.0,514.0,0,Average,4.108822300525348,9.455394600636982,2021,7,16,4,False,False,True,True,False,False,High,1,Q4,1,2021,0.4408505053156582,1.4166666666666667,50094.925
109,202,0.017,2018-11-22,51.0,0,1,Self-Employed,156118.0,52707.0,640.0,1,Average,7.781643355262938,10.96896274623024,2018,11,22,3,False,True,False,False,False,False,High,1,Q4,1,2018,0.3376100129389308,16.833333333333332,2654.0060000000003
110,230,0.297,2018-09-28,59.0,1,2,Self-Employed,181400.0,26988.0,712.0,1,Good,6.129604312341066,6.08698850741858,2018,9,28,4,False,True,False,False,False,True,High,1,Q4,1,2018,0.14877618522601985,19.166666666666668,53875.799999999996
111,362,0.634,2018-05-26,56.0,0,1,Salaried,103867.0,20703.0,555.0,1,Good,7.975318007569966,7.463361095927154,2018,5,26,5,False,False,True,False,False,True,High,1,Q2,0,2018,0.19932221013411383,30.166666666666668,65851.678
112,441,0.297,2018-08-20,33.0,0,2,Salaried,34286.0,20226.0,574.0,1,Good,6.768871946512519,6.969548306957016,2018,8,20,0,True,False,False,False,True,False,Low,0,Q1,2,2018,0.5899200839993,36.75,10182.942
113,117,0.713,2018-10-27,36.0,0,2,Unemployed,146012.0,92704.0,595.0,1,Good,5.687933222655204,7.7291988829503016,2018,10,27,5,False,True,False,False,True,False,High,1,Q3,1,2018,0.6349067199956168,9.75,104106.556
114,373,0.384,2021-03-01,30.0,1,2,Unemployed,82126.0,29994.0,453.0,1,Poor,7.065904659859106,7.786281062516142,2021,3,1,0,False,False,False,False,False,True,Medium,0,Q2,0,2021,0.36521929717750773,31.083333333333332,31536.384000000002
115,325,0.268,2019-07-19,36.0,0,2,Unemployed,112870.0,16827.0,528.0,0,Average,4.921694692368153,8.281750943631025,2019,7,19,4,False,False,True,False,False,False,High,1,Q3,0,2019,0.14908301585895278,27.083333333333332,30249.160000000003
116,253,0.991,2021-07-12,25.0,1,4,Unemployed,44719.0,89327.0,388.0,0,Average,4.997434350320058,11.533849727078861,2021,7,12,0,False,True,False,False,False,False,Low,0,Q1,2,2021,1.9975178335830408,21.083333333333332,44316.529
117,176,0.17,2021-07-20,63.0,1,3,Unemployed,61340.0,36916.0,700.0,1,Good,6.537307868671284,9.15426851252301,2021,7,20,1,False,True,False,True,False,False,Medium,0,Q1,2,2021,0.6018258884903814,14.666666666666666,10427.800000000001
118,479,0.956,2019-12-28,61.0,1,2,Unemployed,182431.0,90233.0,767.0,0,Good,5.360998218454391,7.238995914507294,2019,12,28,5,False,False,True,False,True,False,High,1,Q4,1,2019,0.49461440215752805,39.916666666666664,174404.036
119,118,0.927,2018-08-16,64.0,0,3,Unemployed,129454.0,20687.0,449.0,1,Good,7.758172880534098,7.844480194486592,2018,8,16,3,False,True,False,False,True,False,High,1,Q3,0,2018,0.15980193736771361,9.833333333333334,120003.85800000001
120,107,0.989,2020-07-04,52.0,0,3,Unemployed,102715.0,80610.0,702.0,1,Average,4.127765087082848,6.276287597463661,2020,7,4,5,False,True,False,False,False,False,High,1,Q2,0,2020,0.7847928734848854,8.916666666666666,101585.135
121,31,0.971,2021-01-01,23.0,1,2,Salaried,114752.0,63404.0,563.0,1,Good,4.885472903368527,10.456597233569305,2021,1,1,4,True,False,False,False,False,True,High,1,Q3,0,2021,0.5525306748466258,2.5833333333333335,111424.192
122,208,0.759,2020-12-28,50.0,0,4,Salaried,47151.0,22913.0,508.0,1,Poor,6.832323245224449,7.745044571214693,2020,12,28,0,True,False,False,True,False,False,Low,0,Q1,2,2020,0.4859493966193718,17.333333333333332,35787.609
123,341,0.642,2022-08-17,69.0,1,3,Salaried,161946.0,65970.0,452.0,0,Good,7.609380067127329,10.134451148125232,2022,8,17,2,True,False,False,False,False,True,High,1,Q4,1,2022,0.4073580082249639,28.416666666666668,103969.33200000001
124,397,0.623,2019-04-09,66.0,0,3,Unemployed,42980.0,87179.0,682.0,1,Average,6.736743437428979,9.40473561734889,2019,4,9,1,False,False,True,False,True,False,Low,0,Q1,2,2019,2.028362028850628,33.083333333333336,26776.54
125,166,0.714,2019-02-22,29.0,1,2,Unemployed,193711.0,58820.0,479.0,0,Poor,5.880710912276041,10.574316194740035,2019,2,22,4,False,False,True,False,False,True,High,1,Q4,1,2019,0.3036482182219905,13.833333333333334,138309.65399999998
126,156,0.368,2019-08-05,52.0,1,4,Self-Employed,37682.0,13808.0,549.0,0,Poor,7.103765146108612,6.598172374278037,2019,8,5,0,True,False,False,False,False,False,Low,0,Q1,2,2019,0.3664349026060188,13.0,13866.976
127,491,0.822,2022-05-03,29.0,0,4,Salaried,119828.0,16076.0,772.0,1,Poor,6.156931351400561,11.584688732246779,2022,5,3,1,False,False,False,False,True,False,High,1,Q3,0,2022,0.13415896117768802,40.916666666666664,98498.616
128,425,0.639,2020-11-13,48.0,1,3,Unemployed,141735.0,93409.0,486.0,1,Average,4.876361417741757,8.636482849962643,2020,11,13,4,True,False,False,False,True,False,High,1,Q3,1,2020,0.6590397572935408,35.416666666666664,90568.66500000001
129,21,0.553,2018-03-29,63.0,0,1,Salaried,30040.0,62610.0,797.0,1,Poor,7.994012644974522,11.269903151887362,2018,3,29,3,True,False,False,False,False,True,Low,0,Q1,2,2018,2.08422103861518,1.75,16612.120000000003
130,489,0.272,2020-03-03,53.0,1,2,Salaried,104925.0,84401.0,507.0,0,Poor,4.10627822634976,11.547943273728592,2020,3,3,1,False,False,False,False,False,True,High,1,Q2,0,2020,0.804393614486538,40.75,28539.600000000002
131,117,0.895,2021-07-28,32.0,1,4,Salaried,159863.0,79089.0,715.0,1,Good,4.407802586421341,6.925610379248572,2021,7,28,2,False,False,False,False,False,True,High,1,Q4,1,2021,0.4947298624447183,9.75,143077.385
132,268,0.323,2021-01-16,57.0,1,1,Unemployed,21775.0,42749.0,709.0,0,Average,6.738017693666725,6.58773899958364,2021,1,16,5,False,False,False,False,False,True,Low,0,Q1,2,2021,1.9632146957520091,22.333333333333332,7033.325
133,472,0.181,2018-03-23,64.0,1,1,Unemployed,61030.0,64594.0,510.0,0,Poor,6.441355411088889,8.833016932112708,2018,3,23,4,False,False,False,False,True,False,Medium,0,Q1,2,2018,1.0583975094215958,39.333333333333336,11046.43
134,61,0.559,2019-11-18,40.0,0,4,Salaried,44619.0,84967.0,546.0,0,Average,6.190364873567633,10.506171681254958,2019,11,18,0,False,False,False,False,False,False,Low,0,Q1,2,2019,1.904278446401757,5.083333333333333,24942.021
135,310,0.548,2021-01-19,44.0,0,3,Salaried,138308.0,64988.0,317.0,1,Poor,7.8153694453739195,8.97169889510176,2021,1,19,1,False,False,False,False,False,False,High,1,Q3,0,2021,0.46987882118171037,25.833333333333332,75792.784
136,371,0.266,2022-01-16,35.0,1,4,Self-Employed,154437.0,23092.0,780.0,0,Average,5.239647368751612,6.449752715686949,2022,1,16,6,False,True,False,False,False,False,High,1,Q4,1,2022,0.14952375402267593,30.916666666666668,41080.242000000006
137,407,0.058,2023-03-25,55.0,0,2,Self-Employed,72260.0,6677.0,566.0,0,Poor,4.604431118908181,11.498865561143353,2023,3,25,5,False,False,True,False,True,False,Medium,0,Q2,2,2023,0.09240243564904511,33.916666666666664,4191.08
138,324,0.105,2022-07-31,43.0,0,3,Salaried,176370.0,62641.0,308.0,0,Good,5.42613636680476,10.145896221977857,2022,7,31,6,False,False,False,True,False,False,High,1,Q4,1,2022,0.3551681124907864,27.0,18518.85
139,24,0.03,2018-03-08,65.0,0,3,Salaried,151456.0,17392.0,499.0,1,Good,4.823557309476087,10.787535101696648,2018,3,8,3,False,False,False,False,False,False,High,1,Q3,1,2018,0.1148320304246778,2.0,4543.679999999999
140,416,0.935,2018-12-04,47.0,0,2,Unemployed,147575.0,67877.0,490.0,1,Poor,5.650858157507418,11.248787364863976,2018,12,4,1,False,False,True,False,False,False,High,1,Q3,1,2018,0.4599491783838726,34.666666666666664,137982.625
141,76,0.749,2019-04-20,28.0,0,4,Self-Employed,150727.0,37376.0,815.0,1,Poor,5.412373486386158,6.92363043823923,2019,4,20,5,False,False,True,False,False,True,High,1,Q3,1,2019,0.24797149813901956,6.333333333333333,112894.523
142,465,0.604,2018-07-26,30.0,0,3,Unemployed,77589.0,31182.0,419.0,1,Average,6.551799908560148,11.23788633478852,2018,7,26,3,False,False,False,False,False,False,Medium,0,Q2,2,2018,0.4018868654061787,38.75,46863.756
143,481,0.178,2020-08-19,24.0,1,2,Self-Employed,70166.0,39010.0,530.0,0,Average,6.547492349184042,7.225342975594988,2020,8,19,2,False,False,True,True,False,False,Medium,0,Q2,2,2020,0.555967277598837,40.083333333333336,12489.547999999999
144,168,0.27,2018-08-16,29.0,0,4,Unemployed,193228.0,9071.0,529.0,1,Poor,7.490513468033068,10.552979167161855,2018,8,16,3,False,True,False,False,False,True,High,1,Q4,1,2018,0.04694454219885317,14.0,52171.560000000005
145,427,0.959,2018-06-12,59.0,1,3,Unemployed,58424.0,48547.0,486.0,1,Poor,6.927925043415581,11.264485185570766,2018,6,12,1,False,True,False,False,True,False,Medium,0,Q1,2,2018,0.8309427632479803,35.583333333333336,56028.615999999995
146,343,0.096,2022-01-28,28.0,1,1,Salaried,165590.0,47998.0,719.0,0,Good,6.474778866436367,9.725948018040949,2022,1,28,4,False,True,False,False,False,True,High,1,Q4,1,2022,0.2898604988223927,28.583333333333332,15896.640000000001
147,294,0.161,2022-11-14,24.0,1,3,Salaried,183733.0,6166.0,457.0,1,Good,6.750111731187505,8.142641763432092,2022,11,14,0,False,False,False,False,False,True,High,1,Q4,1,2022,0.03355956741576092,24.5,29581.013
148,162,0.596,2022-01-04,54.0,1,2,Salaried,115147.0,74652.0,302.0,1,Poor,7.663925963454967,9.633208133681098,2022,1,4,1,False,False,False,True,False,False,High,1,Q3,0,2022,0.6483191051438596,13.5,68627.612
149,138,0.074,2019-01-26,64.0,1,1,Salaried,84831.0,48939.0,572.0,0,Good,7.651533351385016,7.798678444379832,2019,1,26,5,False,True,False,False,False,False,Medium,0,Q2,0,2019,0.5768999540262404,11.5,6277.494
150,292,0.943,2023-01-15,27.0,0,3,Self-Employed,70760.0,91212.0,860.0,0,Average,7.4453399437340675,9.247392721841102,2023,1,15,6,False,False,False,False,False,True,Medium,0,Q2,2,2023,1.2890333521763708,24.333333333333332,66726.68
151,174,0.917,2018-07-15,25.0,0,3,Self-Employed,150813.0,63950.0,638.0,0,Good,7.365438199794472,8.333143802276958,2018,7,15,6,False,False,False,False,False,True,High,1,Q3,1,2018,0.4240350632902999,14.5,138295.521
152,353,0.559,2021-06-13,31.0,0,2,Salaried,61704.0,9933.0,557.0,0,Good,5.312879332562957,6.719437315110104,2021,6,13,6,False,False,True,False,True,False,Medium,0,Q1,2,2021,0.16097821859198755,29.416666666666668,34492.536
153,449,0.706,2020-01-16,43.0,0,4,Self-Employed,108811.0,51731.0,341.0,1,Good,6.4926250762064175,7.29844350925142,2020,1,16,3,False,True,False,True,False,False,High,1,Q2,0,2020,0.47542068357059486,37.416666666666664,76820.56599999999
154,268,0.916,2022-04-22,27.0,0,3,Salaried,69754.0,98551.0,523.0,1,Average,4.829235829403247,11.202128887363747,2022,4,22,4,False,False,True,False,False,False,Medium,0,Q2,2,2022,1.4128365398400091,22.333333333333332,63894.664000000004
155,382,0.825,2018-11-18,42.0,0,3,Unemployed,34768.0,19733.0,609.0,1,Good,7.811114247347938,11.858375750631282,2018,11,18,6,False,False,False,True,False,False,Low,0,Q1,2,2018,0.5675621260929591,31.833333333333332,28683.6
156,81,0.087,2019-10-31,34.0,0,4,Self-Employed,153981.0,92343.0,582.0,0,Poor,5.00216434365986,8.194682840605587,2019,10,31,3,True,False,False,True,False,False,High,1,Q3,1,2019,0.5997038595670895,6.75,13396.347
157,463,0.341,2019-10-22,59.0,0,3,Unemployed,115087.0,13482.0,533.0,1,Average,4.090235196915396,11.087265347549938,2019,10,22,1,False,True,False,False,False,True,High,1,Q3,0,2019,0.117146158992762,38.583333333333336,39244.667
158,438,0.104,2022-05-06,53.0,0,2,Salaried,30559.0,17901.0,828.0,0,Good,4.922114183480794,9.147217379210264,2022,5,6,4,False,False,False,False,False,True,Low,0,Q1,2,2022,0.5857848751595275,36.5,3178.136
159,367,0.016,2018-03-25,30.0,0,1,Unemployed,195267.0,80918.0,348.0,0,Average,6.4293242524435925,7.517840994116215,2018,3,25,6,False,True,False,False,True,False,High,1,Q4,1,2018,0.41439669785473227,30.583333333333332,3124.272
160,321,0.459,2020-03-16,64.0,1,3,Self-Employed,78615.0,93219.0,350.0,0,Good,6.864928075794834,11.992273376898694,2020,3,16,0,True,False,False,True,False,False,Medium,0,Q2,2,2020,1.1857660751764931,26.75,36084.285
161,477,0.107,2018-01-28,43.0,0,2,Salaried,138240.0,57037.0,349.0,0,Poor,7.148712870797579,8.219396119914428,2018,1,28,6,True,False,False,False,False,True,High,1,Q3,0,2018,0.41259403935185185,39.75,14791.68
162,182,0.428,2020-07-25,24.0,1,2,Self-Employed,20533.0,62205.0,300.0,1,Poor,6.5552272574438,8.1267763347432,2020,7,25,5,False,False,False,True,False,False,Low,0,Q1,2,2020,3.029513466127697,15.166666666666666,8788.124
163,277,0.115,2018-11-01,53.0,1,1,Salaried,137856.0,59033.0,398.0,0,Good,4.445238020434557,6.362451027326976,2018,11,1,3,False,False,True,False,False,True,High,1,Q3,0,2018,0.4282222028783658,23.083333333333332,15853.44
164,418,0.778,2018-06-05,22.0,0,2,Salaried,96707.0,9534.0,558.0,1,Good,5.587204582889466,6.925104216293478,2018,6,5,1,False,False,False,True,False,False,Medium,0,Q2,0,2018,0.09858645185974128,34.833333333333336,75238.046
165,78,0.161,2018-08-28,67.0,0,2,Unemployed,140222.0,23457.0,660.0,1,Poor,7.148005276792553,6.000671323439229,2018,8,28,1,False,False,True,False,False,False,High,1,Q3,0,2018,0.16728473420718576,6.5,22575.742000000002
166,445,0.606,2022-04-23,50.0,0,3,Salaried,138932.0,34011.0,403.0,0,Poor,5.181852526359165,10.507264839339227,2022,4,23,5,True,False,False,False,True,False,High,1,Q3,0,2022,0.24480321308265915,37.083333333333336,84192.792
167,214,0.343,2020-05-26,57.0,1,2,Salaried,21111.0,9291.0,533.0,1,Poor,4.0926677711413,9.977409460798462,2020,5,26,1,False,False,False,True,False,False,Low,0,Q1,2,2020,0.4401023163279807,17.833333333333332,7241.073
168,347,0.151,2022-04-23,54.0,1,1,Self-Employed,126908.0,39557.0,546.0,0,Poor,7.5474177614645,11.327969039919012,2022,4,23,5,False,True,False,False,False,False,High,1,Q3,0,2022,0.3116982380937372,28.916666666666668,19163.108
169,256,0.406,2020-10-12,38.0,1,3,Unemployed,80041.0,82705.0,373.0,1,Good,6.668222026847575,11.669635109039742,2020,10,12,0,True,False,False,False,False,False,Medium,0,Q2,2,2020,1.033282942491973,21.333333333333332,32496.646
170,238,0.58,2021-04-28,33.0,1,2,Unemployed,96031.0,43900.0,309.0,1,Average,7.402320433736797,10.96564950604131,2021,4,28,2,False,False,True,True,False,False,Medium,0,Q2,0,2021,0.4571440472347471,19.833333333333332,55697.979999999996
171,379,0.436,2020-10-31,62.0,1,3,Self-Employed,32774.0,67818.0,402.0,0,Average,5.123049995734976,8.706887225174375,2020,10,31,5,False,False,True,False,True,False,Low,0,Q1,2,2020,2.069262220052481,31.583333333333332,14289.464
172,16,0.328,2021-01-19,21.0,0,4,Self-Employed,170287.0,78392.0,726.0,1,Poor,5.125802376854734,10.501919300008144,2021,1,19,1,True,False,False,False,True,False,High,1,Q4,1,2021,0.46035222888417787,1.3333333333333333,55854.136000000006
173,497,0.408,2022-01-23,58.0,0,2,Unemployed,26363.0,99082.0,414.0,1,Poor,7.849320484670642,11.528184903319067,2022,1,23,6,True,False,False,False,False,True,Low,0,Q1,2,2022,3.758373477980503,41.416666666666664,10756.104
174,132,0.145,2020-05-12,41.0,0,3,Unemployed,132336.0,92617.0,801.0,0,Poor,7.949094984744826,8.840415546652443,2020,5,12,1,False,False,False,False,False,False,High,1,Q3,0,2020,0.6998624712852134,11.0,19188.719999999998
175,390,0.484,2022-01-16,44.0,1,4,Unemployed,73013.0,89895.0,557.0,0,Average,6.173348876917132,11.201336750065218,2022,1,16,6,False,True,False,False,True,False,Medium,0,Q2,2,2022,1.2312190979688549,32.5,35338.292
176,425,0.378,2019-02-17,41.0,0,1,Self-Employed,43986.0,55560.0,817.0,0,Average,4.553974293993209,9.652283097658767,2019,2,17,6,False,True,False,True,False,False,Low,0,Q1,2,2019,1.2631291774655573,35.416666666666664,16626.708
177,311,0.392,2021-01-18,39.0,1,3,Unemployed,143276.0,58283.0,670.0,1,Poor,6.1544900759078605,8.27015177363501,2021,1,18,0,False,True,False,False,True,False,High,1,Q3,1,2021,0.40678829671403444,25.916666666666668,56164.192
178,112,0.817,2020-03-07,32.0,0,2,Unemployed,135808.0,32704.0,801.0,1,Good,7.75932379879013,9.68543704021068,2020,3,7,5,False,False,True,False,True,False,High,1,Q3,0,2020,0.2408105560791706,9.333333333333334,110955.136
179,338,0.027,2019-05-17,57.0,0,1,Unemployed,29362.0,39265.0,698.0,1,Poor,4.837019285813115,7.640124537048178,2019,5,17,4,False,True,False,False,True,False,Low,0,Q1,2,2019,1.3372726653497717,28.166666666666668,792.774
180,55,0.25,2021-08-15,34.0,1,1,Self-Employed,163283.0,39627.0,733.0,0,Average,4.301510989195323,8.33439488472422,2021,8,15,6,False,True,False,False,False,False,High,1,Q4,1,2021,0.24268907357165168,4.583333333333333,40820.75
181,268,0.409,2020-02-12,22.0,0,1,Unemployed,126951.0,46385.0,321.0,1,Poor,6.12657079639542,8.042517770033166,2020,2,12,2,False,True,False,False,False,True,High,1,Q3,0,2020,0.3653771927751652,22.333333333333332,51922.958999999995
182,37,0.872,2021-07-16,40.0,1,3,Self-Employed,176952.0,66516.0,551.0,0,Average,7.356013177931648,10.917477712988847,2021,7,16,4,False,True,False,False,True,False,High,1,Q4,1,2021,0.3758985487589855,3.0833333333333335,154302.144
183,283,0.666,2020-02-17,51.0,1,4,Unemployed,84308.0,66581.0,469.0,1,Good,6.6877708174304225,7.258347072162448,2020,2,17,0,True,False,False,False,True,False,Medium,0,Q2,0,2020,0.7897352564406699,23.583333333333332,56149.128000000004
184,166,0.398,2019-06-18,25.0,1,4,Self-Employed,155147.0,38611.0,638.0,0,Good,6.925360773189344,9.460223055832055,2019,6,18,1,False,True,False,False,False,True,High,1,Q4,1,2019,0.24886720336197285,13.833333333333334,61748.506
185,381,0.451,2023-05-28,52.0,0,1,Self-Employed,103587.0,10869.0,728.0,0,Poor,6.604892171232456,7.39641236282313,2023,5,28,6,False,True,False,False,False,True,High,1,Q2,0,2023,0.10492629383996062,31.75,46717.737
186,223,0.267,2020-05-09,28.0,0,4,Salaried,146278.0,76846.0,572.0,0,Good,6.6721851356109445,11.433909441933821,2020,5,9,5,True,False,False,False,False,False,High,1,Q3,1,2020,0.5253421567152955,18.583333333333332,39056.226
187,426,0.595,2019-10-19,21.0,0,4,Self-Employed,153429.0,15187.0,396.0,0,Average,4.174321175664993,9.176481762692385,2019,10,19,5,False,False,False,False,False,False,High,1,Q3,1,2019,0.09898389483083381,35.5,91290.25499999999
188,340,0.694,2019-08-09,53.0,1,3,Self-Employed,153990.0,13432.0,583.0,0,Average,7.551485652712782,6.331693945280976,2019,8,9,4,False,True,False,False,False,True,High,1,Q3,1,2019,0.08722644327553737,28.333333333333332,106869.06
189,450,0.213,2022-04-13,53.0,0,4,Self-Employed,181854.0,79934.0,887.0,0,Poor,6.755431915480267,7.047656946335076,2022,4,13,2,False,False,True,False,True,False,High,1,Q4,1,2022,0.43955040856951183,37.5,38734.902
190,405,0.172,2022-06-03,26.0,1,4,Salaried,101313.0,19443.0,766.0,0,Poor,7.703643281744855,9.588306643365653,2022,6,3,4,True,False,False,False,True,False,High,1,Q2,0,2022,0.19191021882680406,33.75,17425.836
191,143,0.409,2023-03-17,65.0,1,4,Unemployed,192691.0,53536.0,702.0,1,Average,5.554091814790642,9.184282913246207,2023,3,17,4,False,False,True,False,False,True,High,1,Q4,1,2023,0.27783342242242764,11.916666666666666,78810.61899999999
192,228,0.278,2023-01-30,67.0,0,1,Unemployed,97169.0,49419.0,492.0,0,Poor,4.963539171277232,11.691239401891195,2023,1,30,0,False,True,False,False,False,False,Medium,0,Q2,0,2023,0.5085881299591434,19.0,27012.982000000004
193,176,0.25,2018-09-08,42.0,0,2,Self-Employed,31824.0,13202.0,652.0,0,Average,7.323345805800417,8.023568052189965,2018,9,8,5,False,False,False,True,False,False,Low,0,Q1,2,2018,0.4148441427853193,14.666666666666666,7956.0
194,15,0.002,2019-06-04,60.0,0,2,Self-Employed,24164.0,9528.0,872.0,1,Good,6.842428558305184,10.254070634115362,2019,6,4,1,True,False,False,True,False,False,Low,0,Q1,2,2019,0.39430557854659826,1.25,48.328
195,304,0.229,2021-11-04,64.0,1,4,Salaried,74197.0,46752.0,657.0,1,Good,5.494308480283734,11.430802729474012,2021,11,4,3,False,False,False,True,False,False,Medium,0,Q2,2,2021,0.6301063385312075,25.333333333333332,16991.113
196,370,0.301,2022-05-26,63.0,1,1,Salaried,180582.0,30789.0,661.0,1,Poor,7.0242942405413675,6.984914307722768,2022,5,26,3,False,True,False,False,True,False,High,1,Q4,1,2022,0.1704987208027378,30.833333333333332,54355.182
197,495,0.029,2022-06-06,38.0,0,2,Salaried,46333.0,52780.0,527.0,0,Good,5.815071098827733,11.343411557768277,2022,6,6,0,False,True,False,False,True,False,Low,0,Q1,2,2022,1.139144885934431,41.25,1343.6570000000002
198,79,0.456,2019-12-28,62.0,0,3,Self-Employed,97635.0,51478.0,891.0,1,Good,6.251838558877985,8.396500303127278,2019,12,28,5,False,False,False,False,True,False,Medium,0,Q2,0,2019,0.5272494494802069,6.583333333333333,44521.560000000005
199,451,0.875,2020-05-26,62.0,0,4,Salaried,54985.0,76154.0,765.0,1,Poor,6.4451821203785,11.668397470269277,2020,5,26,1,True,False,False,False,True,False,Medium,0,Q1,2,2020,1.3849959079749024,37.583333333333336,48111.875
200,165,0.997,2020-04-28,60.0,0,2,Self-Employed,156616.0,40519.0,716.0,1,Average,6.17835927172047,11.954861555416153,2020,4,28,1,False,False,True,True,False,False,High,1,Q4,1,2020,0.25871558461459876,13.75,156146.152
201,445,0.382,2018-06-08,60.0,1,1,Self-Employed,93309.0,63481.0,390.0,1,Poor,7.849573819734801,11.009283969234517,2018,6,8,4,False,False,False,False,True,False,Medium,0,Q2,0,2018,0.6803309434245357,37.083333333333336,35644.038
202,417,0.808,2019-04-23,34.0,1,3,Salaried,170645.0,47529.0,548.0,0,Good,7.703039521011272,10.956040874950698,2019,4,23,1,True,False,False,False,False,True,High,1,Q4,1,2019,0.2785255940695596,34.75,137881.16
203,88,0.49,2019-04-04,63.0,0,2,Unemployed,110769.0,7483.0,364.0,1,Poor,7.773902787042326,8.098319097507597,2019,4,4,3,False,True,False,False,False,False,High,1,Q2,0,2019,0.0675550018506983,7.333333333333333,54276.81
204,168,0.815,2019-11-28,42.0,1,3,Salaried,59530.0,59645.0,456.0,1,Good,4.425288128067241,11.723952220121435,2019,11,28,3,False,False,True,False,True,False,Medium,0,Q1,2,2019,1.0019317990928944,14.0,48516.95
205,40,0.689,2021-04-22,26.0,1,3,Self-Employed,157089.0,54270.0,685.0,1,Good,6.8380591355880895,8.608690787566843,2021,4,22,3,False,False,False,False,False,True,High,1,Q4,1,2021,0.3454729484559708,3.3333333333333335,108234.321
206,422,0.776,2022-08-28,68.0,0,2,Salaried,52928.0,73841.0,316.0,0,Good,5.42383431341118,7.666475758474886,2022,8,28,6,True,False,False,False,True,False,Medium,0,Q1,2,2022,1.3951216747279322,35.166666666666664,41072.128000000004
207,34,0.267,2020-03-11,53.0,1,3,Unemployed,138191.0,69093.0,734.0,0,Poor,6.723392198155802,10.290517189371224,2020,3,11,2,False,True,False,False,True,False,High,1,Q3,0,2020,0.49998190909682977,2.8333333333333335,36896.997
208,207,0.693,2022-11-12,41.0,1,1,Unemployed,154246.0,56893.0,550.0,1,Good,5.92249034976242,6.6383720013107,2022,11,12,5,False,False,False,False,False,False,High,1,Q4,1,2022,0.3688458695849487,17.25,106892.47799999999
209,166,0.302,2020-05-10,38.0,0,4,Salaried,129938.0,74160.0,517.0,1,Average,7.061758511856297,9.323168166442011,2020,5,10,6,False,False,True,False,False,True,High,1,Q3,0,2020,0.570733734550324,13.833333333333334,39241.276
210,497,0.572,2019-03-10,52.0,1,1,Self-Employed,153165.0,59432.0,797.0,0,Average,5.554882822369883,7.1504071711428505,2019,3,10,6,False,False,True,True,False,False,High,1,Q3,1,2019,0.3880259850488036,41.416666666666664,87610.37999999999
211,230,0.657,2020-01-21,31.0,1,1,Unemployed,140823.0,37574.0,469.0,1,Good,5.022782747419333,8.401701409463344,2020,1,21,1,False,True,False,True,False,False,High,1,Q3,0,2020,0.26681721025684724,19.166666666666668,92520.71100000001
212,157,0.265,2020-02-08,30.0,1,1,Salaried,129864.0,73493.0,653.0,0,Average,5.040506020238879,8.493681380593507,2020,2,8,5,True,False,False,True,False,False,High,1,Q3,0,2020,0.5659228115567054,13.083333333333334,34413.96
213,145,0.473,2021-03-04,47.0,0,2,Unemployed,58437.0,92633.0,485.0,0,Good,7.666856673311091,9.890279503245013,2021,3,4,3,False,True,False,True,False,False,Medium,0,Q1,2,2021,1.5851771993771069,12.083333333333334,27640.700999999997
214,92,0.69,2021-07-28,30.0,1,2,Self-Employed,76685.0,79256.0,448.0,0,Poor,7.044219165594185,11.084687250651953,2021,7,28,2,False,False,False,False,False,False,Medium,0,Q2,2,2021,1.0335267653387235,7.666666666666667,52912.649999999994
215,24,0.546,2019-01-03,65.0,0,3,Self-Employed,55848.0,63744.0,747.0,0,Poor,4.747111228582792,11.875000813058897,2019,1,3,3,False,False,True,False,False,False,Medium,0,Q1,2,2019,1.1413837559088955,2.0,30493.008
216,292,0.076,2023-03-28,56.0,0,1,Unemployed,171819.0,84626.0,755.0,0,Good,5.428296344121414,11.36360823589046,2023,3,28,1,True,False,False,False,False,False,High,1,Q4,1,2023,0.49252992975165727,24.333333333333332,13058.243999999999
217,100,0.335,2020-02-21,54.0,1,2,Self-Employed,82091.0,50232.0,893.0,0,Good,7.4873959144099,10.105260967572711,2020,2,21,4,False,False,False,False,True,False,Medium,0,Q2,0,2020,0.6119062991070885,8.333333333333334,27500.485
218,443,0.14,2020-11-26,22.0,0,2,Self-Employed,31817.0,42386.0,605.0,0,Average,7.360233286754001,8.920683455975409,2020,11,26,3,True,False,False,False,True,False,Low,0,Q1,2,2020,1.3321809095766415,36.916666666666664,4454.38
219,185,0.964,2019-11-16,40.0,0,1,Self-Employed,90435.0,16909.0,446.0,1,Poor,4.7897239469026855,9.682339667952094,2019,11,16,5,False,False,True,False,True,False,Medium,0,Q2,0,2019,0.18697406977387074,15.416666666666666,87179.34
220,479,0.738,2020-10-20,41.0,0,1,Self-Employed,69480.0,10811.0,487.0,1,Good,6.418330070937227,6.892950293473634,2020,10,20,1,False,True,False,False,False,False,Medium,0,Q2,2,2020,0.15559873344847439,39.916666666666664,51276.24
221,265,0.559,2018-05-18,52.0,1,2,Unemployed,115126.0,46521.0,702.0,0,Poor,5.820591848424765,11.035906366994642,2018,5,18,4,False,True,False,False,False,False,High,1,Q3,0,2018,0.40408769522088844,22.083333333333332,64355.43400000001
222,186,0.955,2020-01-16,36.0,0,1,Salaried,59943.0,41814.0,607.0,1,Good,4.074762552318424,7.07034012213478,2020,1,16,3,False,False,False,False,True,False,Medium,0,Q1,2,2020,0.6975626845503228,15.5,57245.564999999995
223,360,0.002,2023-03-22,49.0,0,3,Salaried,71760.0,48520.0,548.0,0,Average,7.738548776825721,8.760362435259577,2023,3,22,2,False,False,False,False,True,False,Medium,0,Q2,2,2023,0.6761426978818283,30.0,143.52
224,323,0.954,2018-08-20,22.0,0,3,Unemployed,66057.0,74176.0,777.0,1,Average,4.111051641114097,10.730015888308255,2018,8,20,0,False,False,False,False,False,False,Medium,0,Q2,2,2018,1.1229090028308886,26.916666666666668,63018.378
225,461,0.331,2018-03-27,32.0,1,1,Salaried,130192.0,94664.0,537.0,0,Good,7.563126990183196,7.111865200926243,2018,3,27,1,True,False,False,False,False,True,High,1,Q3,0,2018,0.7271107287698169,38.416666666666664,43093.552
226,305,0.001,2020-01-04,58.0,0,4,Self-Employed,40012.0,96573.0,631.0,0,Good,5.16873086749346,8.302612650589841,2020,1,4,5,False,False,False,False,True,False,Low,0,Q1,2,2020,2.413600919724083,25.416666666666668,40.012
227,202,0.577,2019-02-22,38.0,0,1,Salaried,171307.0,49364.0,519.0,1,Average,5.108958391281028,9.098712278434522,2019,2,22,4,True,False,False,False,False,False,High,1,Q4,1,2019,0.2881610208572913,16.833333333333332,98844.139
228,400,0.721,2020-09-22,25.0,1,1,Salaried,87119.0,76813.0,622.0,0,Poor,6.303045255713372,8.201411854855607,2020,9,22,1,True,False,False,True,False,False,Medium,0,Q2,0,2020,0.8817020397387482,33.333333333333336,62812.799
229,499,0.299,2022-03-05,66.0,1,2,Unemployed,113326.0,30383.0,624.0,0,Average,6.434963991232319,9.336226906020247,2022,3,5,5,False,False,False,False,False,True,High,1,Q3,0,2022,0.26810264193565464,41.583333333333336,33884.474
230,290,0.216,2021-02-08,47.0,0,2,Unemployed,171521.0,81759.0,613.0,0,Poor,6.984107603574683,6.0130010955175415,2021,2,8,0,False,False,True,False,False,True,High,1,Q4,1,2021,0.4766704951580273,24.166666666666668,37048.536
231,376,0.754,2022-07-18,26.0,1,3,Salaried,118665.0,85404.0,471.0,0,Average,5.393189495347428,6.161369037812658,2022,7,18,0,False,False,False,True,False,False,High,1,Q3,0,2022,0.7197067374541777,31.333333333333332,89473.41
232,152,0.272,2020-01-02,28.0,1,3,Unemployed,123612.0,10498.0,348.0,0,Poor,6.058150017441196,9.857232839155145,2020,1,2,3,False,False,True,False,False,True,High,1,Q3,0,2020,0.08492702973821312,12.666666666666666,33622.464
233,267,0.688,2021-02-19,38.0,1,4,Self-Employed,75937.0,95442.0,891.0,0,Good,5.293999863114325,11.106104610671983,2021,2,19,4,True,False,False,True,False,False,Medium,0,Q2,2,2021,1.2568576583220301,22.25,52244.655999999995
234,353,0.052,2020-06-23,63.0,1,4,Salaried,133830.0,34990.0,375.0,1,Good,6.069032468342513,8.93941664181035,2020,6,23,1,False,True,False,False,False,False,High,1,Q3,0,2020,0.2614510946723455,29.416666666666668,6959.16
235,424,0.273,2021-11-10,49.0,1,3,Unemployed,118074.0,28143.0,876.0,1,Good,6.283529711215781,6.980036841748293,2021,11,10,2,True,False,False,True,False,False,High,1,Q3,0,2021,0.2383505259413588,35.333333333333336,32234.202
236,437,0.926,2022-08-29,23.0,0,1,Unemployed,112216.0,33956.0,532.0,1,Average,7.08349759729089,9.729796469388031,2022,8,29,0,False,True,False,True,False,False,High,1,Q3,0,2022,0.3025949953660797,36.416666666666664,103912.016
237,240,0.083,2018-10-03,59.0,0,3,Unemployed,145061.0,14920.0,458.0,0,Poor,6.711649903156198,10.856352302000131,2018,10,3,2,False,True,False,False,False,True,High,1,Q3,1,2018,0.10285328241222658,20.0,12040.063
238,47,0.987,2020-12-21,69.0,1,1,Self-Employed,137565.0,77562.0,584.0,0,Poor,5.101789756251963,9.321989321659526,2020,12,21,0,False,True,False,True,False,False,High,1,Q3,0,2020,0.5638207392868826,3.9166666666666665,135776.655
239,66,0.334,2020-09-24,46.0,0,1,Unemployed,191178.0,40363.0,883.0,1,Average,5.975346971149613,9.110598906390067,2020,9,24,3,False,False,False,False,False,False,High,1,Q4,1,2020,0.21112784943874296,5.5,63853.452000000005
240,59,0.464,2020-08-05,56.0,1,4,Salaried,63113.0,54765.0,545.0,0,Poor,5.037941733401798,8.130294665050503,2020,8,5,2,False,False,False,False,False,True,Medium,0,Q1,2,2020,0.8677293109185112,4.916666666666667,29284.432
241,276,0.399,2021-10-19,32.0,0,3,Unemployed,188538.0,66254.0,688.0,1,Average,5.176092106978702,11.058513107194601,2021,10,19,1,False,True,False,False,False,False,High,1,Q4,1,2021,0.35140926497576086,23.0,75226.66200000001
242,216,0.408,2019-10-01,57.0,1,1,Salaried,69859.0,36062.0,562.0,0,Good,7.439187871092762,9.314922148828131,2019,10,1,1,True,False,False,True,False,False,Medium,0,Q2,2,2019,0.5162112254684436,18.0,28502.471999999998
243,285,0.162,2020-01-04,35.0,1,3,Self-Employed,185752.0,34418.0,660.0,0,Poor,4.776956650300642,7.334489301653632,2020,1,4,5,False,False,True,True,False,False,High,1,Q4,1,2020,0.1852900641715836,23.75,30091.824
244,200,0.294,2019-12-06,40.0,1,2,Unemployed,108512.0,10704.0,395.0,0,Poor,7.367468007297013,6.863519793377149,2019,12,6,4,False,False,False,True,False,False,High,1,Q2,0,2019,0.09864346800353878,16.666666666666668,31902.528
245,247,0.176,2022-12-07,59.0,0,4,Salaried,65284.0,69459.0,334.0,1,Poor,7.2657852752522665,11.592886380788405,2022,12,7,2,False,True,False,False,False,True,Medium,0,Q2,2,2022,1.0639513510201581,20.583333333333332,11489.983999999999
246,253,0.234,2020-05-15,55.0,1,3,Self-Employed,57827.0,22382.0,630.0,0,Average,6.529335188044744,9.606082351611315,2020,5,15,4,False,False,True,False,True,False,Medium,0,Q1,2,2020,0.38705103152506615,21.083333333333332,13531.518
247,471,0.177,2022-04-07,66.0,0,1,Self-Employed,38356.0,69381.0,572.0,0,Good,5.752837668711296,9.536922479796292,2022,4,7,3,False,False,False,False,False,True,Low,0,Q1,2,2022,1.8088695380123059,39.25,6789.012
248,242,0.792,2022-01-09,34.0,0,1,Self-Employed,144628.0,19383.0,836.0,1,Good,6.342897093655882,11.786746661448102,2022,1,9,6,True,False,False,False,False,True,High,1,Q3,1,2022,0.1340196918992173,20.166666666666668,114545.376
249,307,0.601,2018-07-27,62.0,1,4,Salaried,25810.0,87483.0,607.0,0,Poor,6.738501642004099,11.205919562209292,2018,7,27,4,False,False,True,False,False,True,Low,0,Q1,2,2018,3.389500193723363,25.583333333333332,15511.81
250,410,0.226,2020-05-02,39.0,1,3,Self-Employed,72280.0,52921.0,586.0,0,Poor,5.171686625531789,11.429497838688123,2020,5,2,5,False,True,False,True,False,False,Medium,0,Q2,2,2020,0.7321665744327615,34.166666666666664,16335.28
251,145,0.017,2023-03-02,65.0,1,1,Salaried,85469.0,9824.0,549.0,1,Average,4.815960481938953,11.386543545379514,2023,3,2,3,False,True,False,True,False,False,Medium,0,Q2,0,2023,0.11494225976669904,12.083333333333334,1452.9730000000002
252,361,0.009,2020-03-12,26.0,1,2,Unemployed,133190.0,56497.0,517.0,0,Poor,4.407122079867603,10.187169690232903,2020,3,12,3,False,True,False,True,False,False,High,1,Q3,0,2020,0.424183497259554,30.083333333333332,1198.7099999999998
253,367,0.538,2021-10-11,32.0,0,4,Unemployed,160038.0,40110.0,449.0,1,Average,4.10138113300461,11.092120696945592,2021,10,11,0,False,True,False,False,False,True,High,1,Q4,1,2021,0.25062797585573426,30.583333333333332,86100.444
254,438,0.164,2021-07-10,46.0,0,1,Unemployed,115352.0,79317.0,681.0,1,Poor,4.641099050268478,10.306465980332305,2021,7,10,5,False,True,False,False,True,False,High,1,Q3,0,2021,0.6876083639642139,36.5,18917.728
255,230,0.364,2020-06-09,54.0,1,3,Unemployed,183535.0,20445.0,830.0,1,Average,7.153962078705582,10.01161204170337,2020,6,9,1,False,False,False,False,True,False,High,1,Q4,1,2020,0.11139564660691421,19.166666666666668,66806.74
256,131,0.126,2023-03-15,51.0,0,3,Unemployed,128024.0,69483.0,384.0,0,Poor,4.79402395878831,9.798267976971681,2023,3,15,2,False,True,False,False,True,False,High,1,Q3,0,2023,0.5427341748422171,10.916666666666666,16131.024
257,498,0.476,2022-02-22,59.0,0,4,Self-Employed,175216.0,93997.0,369.0,1,Average,7.667593968996317,8.559431223574776,2022,2,22,1,False,True,False,False,False,False,High,1,Q4,1,2022,0.5364635649712355,41.5,83402.81599999999
258,198,0.066,2021-10-30,40.0,0,1,Salaried,83247.0,91847.0,648.0,1,Poor,5.88342895279259,6.14733451982765,2021,10,30,5,False,True,False,False,True,False,Medium,0,Q2,0,2021,1.1033070260790179,16.5,5494.302000000001
259,338,0.582,2021-03-04,35.0,1,2,Salaried,73410.0,41550.0,817.0,1,Average,7.3587616750472,10.914489478311625,2021,3,4,3,False,True,False,False,False,False,Medium,0,Q2,2,2021,0.5659991826726604,28.166666666666668,42724.619999999995
260,332,0.598,2021-02-18,42.0,0,2,Self-Employed,198903.0,49005.0,523.0,0,Good,7.23698264863809,8.282311870076583,2021,2,18,3,False,False,True,False,False,True,High,1,Q4,1,2021,0.24637637441365892,27.666666666666668,118943.99399999999
261,53,0.882,2020-08-29,51.0,1,1,Unemployed,186532.0,39461.0,369.0,0,Good,7.5980724340477455,7.575066092172644,2020,8,29,5,True,False,False,True,False,False,High,1,Q4,1,2020,0.21155083310102288,4.416666666666667,164521.224
262,484,0.54,2018-05-12,32.0,0,4,Salaried,115080.0,26337.0,726.0,1,Poor,6.65102120515588,11.183618553681276,2018,5,12,5,False,True,False,False,True,False,High,1,Q3,0,2018,0.22885818561001042,40.333333333333336,62143.200000000004
263,483,0.739,2021-02-18,22.0,0,3,Salaried,73518.0,58390.0,685.0,1,Good,7.850121460365486,6.79289465114519,2021,2,18,3,False,False,True,False,True,False,Medium,0,Q2,2,2021,0.7942272640713839,40.25,54329.801999999996
264,291,0.432,2021-12-08,64.0,1,4,Unemployed,161948.0,99260.0,576.0,0,Good,5.1272290588149225,8.801210494184302,2021,12,8,2,False,False,True,False,False,False,High,1,Q4,1,2021,0.6129127868204609,24.25,69961.536
265,425,0.592,2020-08-13,55.0,0,1,Unemployed,173295.0,70681.0,876.0,1,Good,5.10975639197247,6.326597778116742,2020,8,13,3,False,True,False,False,False,False,High,1,Q4,1,2020,0.40786520095790413,35.416666666666664,102590.64
266,389,0.572,2019-11-02,29.0,1,2,Self-Employed,194221.0,23876.0,713.0,1,Average,7.345408132933629,8.850425303272178,2019,11,2,5,False,False,False,True,False,False,High,1,Q4,1,2019,0.12293212371473733,32.416666666666664,111094.412
267,234,0.032,2021-03-22,46.0,0,1,Unemployed,58179.0,82446.0,339.0,1,Average,5.868574258980213,7.500056979004521,2021,3,22,0,False,True,False,True,False,False,Medium,0,Q1,2,2021,1.417109266230083,19.5,1861.728
268,350,0.825,2020-05-11,68.0,1,4,Salaried,172270.0,52836.0,482.0,0,Good,5.415245283037066,8.207355358535642,2020,5,11,0,False,True,False,False,True,False,High,1,Q4,1,2020,0.30670459162941893,29.166666666666668,142122.75
269,31,0.506,2022-09-19,21.0,0,2,Self-Employed,160456.0,93197.0,757.0,0,Average,6.0841248069260345,11.343476973927451,2022,9,19,0,False,True,False,False,False,True,High,1,Q4,1,2022,0.5808258961958418,2.5833333333333335,81190.736
270,262,0.866,2018-09-06,67.0,0,2,Self-Employed,174408.0,76731.0,623.0,0,Poor,4.42924805936949,7.849808213692863,2018,9,6,3,False,False,True,True,False,False,High,1,Q4,1,2018,0.439951149029861,21.833333333333332,151037.328
271,368,0.733,2018-04-11,64.0,0,3,Unemployed,199916.0,34981.0,760.0,1,Poor,7.887376675165848,10.279858703322923,2018,4,11,2,False,False,False,False,False,True,High,1,Q4,1,2018,0.1749784909662058,30.666666666666668,146538.42799999999
272,453,0.422,2021-07-26,56.0,0,1,Salaried,63028.0,59283.0,848.0,1,Good,4.934673555418666,8.132116359337772,2021,7,26,0,True,False,False,False,False,False,Medium,0,Q1,2,2021,0.9405819635717458,37.75,26597.816
273,184,0.045,2022-08-23,40.0,0,1,Unemployed,90178.0,18815.0,429.0,1,Good,4.119552690899333,8.933862977721784,2022,8,23,1,False,False,True,False,False,True,Medium,0,Q2,0,2022,0.2086429062520792,15.333333333333334,4058.0099999999998
274,10,0.795,2019-09-01,55.0,1,2,Unemployed,117139.0,92982.0,359.0,1,Average,7.372216495222014,6.842556564832955,2019,9,1,6,True,False,False,False,False,False,High,1,Q3,0,2019,0.7937749169789737,0.8333333333333334,93125.505
275,51,0.705,2020-04-30,22.0,0,3,Unemployed,82127.0,86004.0,526.0,1,Poor,7.4692263094734255,11.936583778139545,2020,4,30,3,False,False,False,True,False,False,Medium,0,Q2,0,2020,1.0472073739452312,4.25,57899.534999999996
276,101,0.022,2022-06-29,61.0,0,4,Self-Employed,29390.0,43911.0,464.0,1,Good,5.822810834670474,7.610160298714078,2022,6,29,2,False,False,False,False,True,False,Low,0,Q1,2,2022,1.4940796189179992,8.416666666666666,646.5799999999999
277,84,0.448,2018-02-11,53.0,0,1,Salaried,48180.0,40129.0,462.0,1,Poor,7.789759569138801,10.854820324443839,2018,2,11,6,False,True,False,True,False,False,Low,0,Q1,2,2018,0.8328974678289747,7.0,21584.64
278,146,0.869,2022-03-10,32.0,1,4,Salaried,46054.0,40213.0,499.0,0,Average,6.093347553347511,11.091439526469475,2022,3,10,3,True,False,False,False,False,False,Low,0,Q1,2,2022,0.8731706257871195,12.166666666666666,40020.926
279,366,0.917,2018-05-22,34.0,0,1,Unemployed,136906.0,54620.0,488.0,0,Poor,7.494528855074382,10.50900820847427,2018,5,22,1,False,False,False,True,False,False,High,1,Q3,0,2018,0.39895987027595575,30.5,125542.80200000001
280,240,0.586,2018-08-29,39.0,1,4,Unemployed,171978.0,36948.0,334.0,0,Poor,4.955111730465216,8.021088893587507,2018,8,29,2,False,False,True,False,True,False,High,1,Q4,1,2018,0.21484143320657292,20.0,100779.108
281,305,0.514,2019-11-13,37.0,1,4,Salaried,175794.0,36027.0,473.0,1,Average,6.2068240078349515,9.120452324049285,2019,11,13,2,True,False,False,False,True,False,High,1,Q4,1,2019,0.20493873511041333,25.416666666666668,90358.11600000001
282,149,0.619,2019-12-23,43.0,1,1,Unemployed,97925.0,60338.0,348.0,1,Good,7.764411152065993,10.316469247507804,2019,12,23,0,False,False,True,True,False,False,Medium,0,Q2,0,2019,0.6161654327291294,12.416666666666666,60615.575
283,69,0.729,2018-09-08,47.0,0,2,Unemployed,162790.0,11420.0,406.0,0,Average,6.7273523459964775,7.291705623200541,2018,9,8,5,False,False,True,True,False,False,High,1,Q4,1,2018,0.07015172922169667,5.75,118673.91
284,462,0.824,2019-10-14,39.0,1,1,Salaried,60571.0,50737.0,347.0,1,Good,5.501149081295507,6.967317046121547,2019,10,14,0,False,False,True,True,False,False,Medium,0,Q1,2,2019,0.8376450776774363,38.5,49910.504
285,34,0.176,2022-05-17,42.0,0,2,Salaried,112100.0,37454.0,547.0,0,Average,7.153276842372337,7.167552173222809,2022,5,17,1,False,False,True,False,True,False,High,1,Q3,0,2022,0.33411239964317574,2.8333333333333335,19729.6
286,431,0.781,2019-09-24,50.0,0,4,Self-Employed,77162.0,75627.0,389.0,1,Good,6.241276227788145,8.946391125562334,2019,9,24,1,True,False,False,False,False,True,Medium,0,Q2,2,2019,0.980106788315492,35.916666666666664,60263.522000000004
287,202,0.642,2020-12-17,44.0,1,4,Self-Employed,131337.0,46214.0,594.0,0,Poor,4.0510175240595,7.586083874300396,2020,12,17,3,False,True,False,False,False,False,High,1,Q3,0,2020,0.35187342485362083,16.833333333333332,84318.354
288,463,0.432,2018-11-20,24.0,0,2,Salaried,87124.0,89668.0,441.0,1,Average,6.730882989915189,11.288237494414275,2018,11,20,1,False,False,False,False,True,False,Medium,0,Q2,0,2018,1.0291997612598136,38.583333333333336,37637.568
289,242,0.364,2019-11-06,43.0,0,1,Salaried,184337.0,65234.0,512.0,0,Good,6.264850777193608,10.042367936071713,2019,11,6,2,False,True,False,False,True,False,High,1,Q4,1,2019,0.353884461611071,20.166666666666668,67098.668
290,288,0.217,2021-01-07,30.0,0,3,Unemployed,169913.0,43961.0,782.0,1,Average,6.6187719962375,6.280397478250317,2021,1,7,3,True,False,False,False,False,True,High,1,Q4,1,2021,0.2587265247509019,24.0,36871.121
291,328,0.271,2023-02-17,56.0,1,3,Unemployed,29724.0,35642.0,448.0,1,Average,4.051616835445815,6.9892335856832375,2023,2,17,4,False,False,True,False,False,True,Low,0,Q1,2,2023,1.1990983716861796,27.333333333333332,8055.204000000001
292,190,0.84,2021-10-26,41.0,1,4,Self-Employed,187965.0,64595.0,514.0,1,Average,5.523580109333829,8.1314356795766,2021,10,26,1,False,False,False,False,False,False,High,1,Q4,1,2021,0.34365440374537815,15.833333333333334,157890.6
293,362,0.177,2022-05-23,29.0,0,4,Self-Employed,22601.0,69136.0,498.0,1,Poor,7.551637082862021,10.98449957255082,2022,5,23,0,False,False,False,False,False,False,Low,0,Q1,2,2022,3.0589796911641076,30.166666666666668,4000.377
294,343,0.677,2022-10-22,44.0,1,3,Salaried,195259.0,49841.0,590.0,0,Poor,5.983863721985456,10.077627556156868,2022,10,22,5,False,True,False,True,False,False,High,1,Q4,1,2022,0.255255839679605,28.583333333333332,132190.34300000002
295,162,0.69,2023-06-07,53.0,0,1,Salaried,30249.0,70161.0,772.0,1,Average,7.078580144303338,9.960385220457828,2023,6,7,2,False,True,False,False,False,False,Low,0,Q1,2,2023,2.3194485768124564,13.5,20871.809999999998
296,474,0.021,2023-05-28,65.0,0,1,Unemployed,75548.0,14777.0,561.0,1,Good,6.265827675455629,9.247444380294903,2023,5,28,6,True,False,False,False,False,False,Medium,0,Q2,2,2023,0.19559750092656325,39.5,1586.508
297,345,0.298,2020-04-06,68.0,1,4,Self-Employed,179224.0,43596.0,856.0,0,Average,7.513273327565686,7.8010651056356055,2020,4,6,0,True,False,False,False,False,False,High,1,Q4,1,2020,0.24324867205285006,28.75,53408.752
298,402,0.693,2020-01-02,41.0,1,3,Self-Employed,121822.0,59444.0,532.0,0,Good,6.528283619885352,7.518043687951124,2020,1,2,3,False,False,False,True,False,False,High,1,Q3,0,2020,0.487957840127399,33.5,84422.646
299,35,0.481,2023-02-03,68.0,1,2,Self-Employed,133126.0,45408.0,423.0,0,Poor,6.72069671965432,6.706908346123276,2023,2,3,4,False,True,False,False,False,False,High,1,Q3,0,2023,0.34109039556510373,2.9166666666666665,64033.606
300,290,0.379,2022-04-16,66.0,1,2,Salaried,148909.0,44952.0,559.0,1,Average,5.475952791088266,6.3432885165331605,2022,4,16,5,False,False,True,False,False,True,High,1,Q3,1,2022,0.3018756421707217,24.166666666666668,56436.511
301,35,0.707,2018-01-03,31.0,1,2,Salaried,145189.0,49989.0,864.0,0,Average,5.622423420590129,6.47849398598547,2018,1,3,2,False,True,False,False,False,True,High,1,Q3,1,2018,0.3443029430604247,2.9166666666666665,102648.62299999999
302,455,0.766,2019-11-10,45.0,1,4,Salaried,179528.0,84207.0,770.0,0,Good,7.6153925785446654,7.655826579651984,2019,11,10,6,True,False,False,False,False,False,High,1,Q4,1,2019,0.46904661111358675,37.916666666666664,137518.448
303,105,0.215,2023-02-13,26.0,1,1,Self-Employed,104886.0,46995.0,660.0,0,Average,4.7079746242873775,11.430697982498483,2023,2,13,0,True,False,False,False,False,False,High,1,Q2,0,2023,0.4480578914249757,8.75,22550.489999999998
304,334,0.234,2023-03-22,57.0,1,4,Unemployed,164675.0,72697.0,604.0,0,Good,6.991433310825345,10.112418133604208,2023,3,22,2,True,False,False,False,False,False,High,1,Q4,1,2023,0.44145741612266587,27.833333333333332,38533.950000000004
305,345,0.946,2019-01-01,32.0,0,2,Self-Employed,115979.0,13969.0,541.0,1,Average,7.861163045393872,6.756826678294181,2019,1,1,1,False,False,False,False,False,False,High,1,Q3,0,2019,0.12044421834987368,28.75,109716.13399999999
306,474,0.845,2019-05-18,68.0,0,3,Self-Employed,183881.0,16827.0,442.0,0,Average,5.563327794630895,11.005850728567548,2019,5,18,5,False,False,True,False,False,True,High,1,Q4,1,2019,0.09151027022911556,39.5,155379.445
307,37,0.652,2018-09-09,41.0,1,2,Salaried,23445.0,73035.0,319.0,0,Good,5.8217877859117895,9.960534291032864,2018,9,9,6,False,False,False,False,False,True,Low,0,Q1,2,2018,3.1151631477927064,3.0833333333333335,15286.140000000001
308,475,0.232,2018-07-31,46.0,1,1,Unemployed,177563.0,33502.0,374.0,0,Good,4.389920489049786,9.216324113687117,2018,7,31,1,False,True,False,False,True,False,High,1,Q4,1,2018,0.18867669503218576,39.583333333333336,41194.616
309,121,0.952,2019-08-15,25.0,1,1,Self-Employed,184147.0,16743.0,706.0,0,Average,7.458947747011528,6.326019442699539,2019,8,15,3,False,False,True,True,False,False,High,1,Q4,1,2019,0.0909219265043688,10.083333333333334,175307.944
310,449,0.244,2019-08-16,44.0,1,1,Salaried,194751.0,72830.0,435.0,0,Good,6.931008559537018,6.786927235985667,2019,8,16,4,False,True,False,False,False,True,High,1,Q4,1,2019,0.37396470364722134,37.416666666666664,47519.244
311,434,0.522,2018-06-28,50.0,1,4,Self-Employed,117572.0,64135.0,461.0,1,Average,4.962217026198735,11.029389669519961,2018,6,28,3,False,False,False,True,False,False,High,1,Q3,0,2018,0.545495526145681,36.166666666666664,61372.584
312,467,0.314,2022-04-10,60.0,1,1,Unemployed,49328.0,94558.0,739.0,0,Average,4.652159001164743,9.240614764491793,2022,4,10,6,False,False,True,False,True,False,Low,0,Q1,2,2022,1.9169234511839117,38.916666666666664,15488.992
313,385,0.847,2018-02-27,42.0,1,1,Unemployed,138672.0,85188.0,553.0,0,Good,6.307644157300995,9.58776437703525,2018,2,27,1,False,False,True,False,True,False,High,1,Q3,0,2018,0.614312911041883,32.083333333333336,117455.184
314,77,0.928,2022-12-25,62.0,0,3,Salaried,150093.0,66819.0,554.0,1,Good,4.422709563032901,7.552511392365625,2022,12,25,6,False,True,False,False,False,False,High,1,Q3,1,2022,0.4451839859287242,6.416666666666667,139286.304
315,467,0.563,2019-08-21,59.0,1,3,Self-Employed,142371.0,96375.0,388.0,0,Average,7.076337914840758,6.783647496349201,2019,8,21,2,False,True,False,False,True,False,High,1,Q3,1,2019,0.6769285879849126,38.916666666666664,80154.87299999999
316,38,0.987,2018-11-26,26.0,0,2,Unemployed,114595.0,63613.0,794.0,1,Average,4.084559400220093,8.231451128892756,2018,11,26,0,True,False,False,False,False,False,High,1,Q3,0,2018,0.555111479558445,3.1666666666666665,113105.265
317,69,0.819,2022-08-05,32.0,1,2,Self-Employed,106309.0,81539.0,603.0,1,Good,6.965056366643837,10.983228807372996,2022,8,5,4,True,False,False,False,True,False,High,1,Q2,0,2022,0.766999971780376,5.75,87067.071
318,200,0.788,2019-05-28,58.0,1,4,Salaried,180685.0,9474.0,419.0,1,Average,5.386329608217702,11.794715409283953,2019,5,28,1,True,False,False,False,True,False,High,1,Q4,1,2019,0.05243379361872873,16.666666666666668,142379.78
319,398,0.354,2020-05-25,37.0,0,3,Unemployed,27571.0,23614.0,512.0,0,Good,4.892739805765916,8.025948095956782,2020,5,25,0,False,True,False,True,False,False,Low,0,Q1,2,2020,0.8564796343984622,33.166666666666664,9760.134
320,435,0.678,2019-05-22,37.0,1,2,Salaried,70796.0,82852.0,760.0,0,Average,6.906740945174324,6.847430191790991,2019,5,22,2,False,False,False,False,False,True,Medium,0,Q2,2,2019,1.170292106898695,36.25,47999.688
321,424,0.19,2021-02-16,33.0,1,4,Unemployed,93959.0,53694.0,895.0,0,Poor,7.080786729766611,10.551761338098018,2021,2,16,1,False,False,False,False,False,True,Medium,0,Q2,0,2021,0.5714620206685895,35.333333333333336,17852.21
322,308,0.759,2021-11-09,42.0,0,3,Unemployed,163087.0,62454.0,515.0,0,Good,4.974263362857965,8.657963946390746,2021,11,9,1,True,False,False,False,False,True,High,1,Q4,1,2021,0.3829489781527651,25.666666666666668,123783.033
323,125,0.896,2018-01-16,60.0,0,2,Unemployed,137775.0,79679.0,888.0,1,Poor,7.068810623272221,11.49149802210406,2018,1,16,1,False,False,True,True,False,False,High,1,Q3,0,2018,0.5783269823988387,10.416666666666666,123446.40000000001
324,331,0.698,2022-11-01,51.0,1,3,Salaried,175908.0,62649.0,569.0,0,Good,5.077776506869162,11.384558465290821,2022,11,1,1,False,False,False,False,False,True,High,1,Q4,1,2022,0.35614639470632375,27.583333333333332,122783.78399999999
325,254,0.074,2022-10-15,58.0,1,1,Self-Employed,101351.0,11485.0,645.0,1,Average,5.515103542746605,7.6505018325243235,2022,10,15,5,False,True,False,True,False,False,High,1,Q2,0,2022,0.11331905950607296,21.166666666666668,7499.973999999999
326,423,0.146,2019-10-06,61.0,1,3,Salaried,183872.0,17520.0,336.0,1,Poor,4.04140702797166,9.994958870904382,2019,10,6,6,False,True,False,False,True,False,High,1,Q4,1,2019,0.09528367560041769,35.25,26845.311999999998
327,239,0.445,2019-06-07,64.0,1,3,Unemployed,131926.0,95344.0,725.0,0,Average,6.5247122962104775,6.314325789862084,2019,6,7,4,False,True,False,False,False,False,High,1,Q3,0,2019,0.7227081848915301,19.916666666666668,58707.07
328,60,0.923,2019-07-02,56.0,0,4,Self-Employed,174606.0,36830.0,645.0,0,Poor,7.064601976595593,10.229557881337666,2019,7,2,1,False,False,False,False,True,False,High,1,Q4,1,2019,0.2109320412815138,5.0,161161.33800000002
329,349,0.604,2022-12-17,23.0,1,2,Salaried,176898.0,35382.0,330.0,0,Good,7.411771192649888,10.245488836052012,2022,12,17,5,False,False,False,False,False,False,High,1,Q4,1,2022,0.20001356714038598,29.083333333333332,106846.39199999999
330,262,0.281,2019-09-09,33.0,1,1,Unemployed,153364.0,34461.0,366.0,0,Average,7.781448866804716,11.459722664569863,2019,9,9,0,True,False,False,False,False,False,High,1,Q3,1,2019,0.22470071203150674,21.833333333333332,43095.28400000001
331,19,0.147,2021-11-26,36.0,0,1,Self-Employed,62187.0,30781.0,372.0,1,Average,7.236097697275763,10.883985618697572,2021,11,26,4,True,False,False,False,False,True,Medium,0,Q1,2,2021,0.4949748339685143,1.5833333333333333,9141.489
332,285,0.005,2018-05-15,56.0,1,1,Salaried,162694.0,59285.0,345.0,0,Poor,5.988564361483749,8.938823250209353,2018,5,15,1,False,True,False,True,False,False,High,1,Q4,1,2018,0.3643957367819342,23.75,813.47
333,459,0.409,2020-05-31,36.0,0,3,Unemployed,77744.0,32732.0,810.0,0,Good,4.760939015444489,10.564977420806306,2020,5,31,6,False,False,False,True,False,False,Medium,0,Q2,2,2020,0.4210228442066269,38.25,31797.296
334,421,0.801,2020-04-24,29.0,0,4,Salaried,129941.0,26196.0,565.0,0,Good,6.778549192514052,11.398618329380334,2020,4,24,4,True,False,False,False,False,False,High,1,Q3,0,2020,0.2015991873234776,35.083333333333336,104082.74100000001
335,176,0.153,2020-07-08,52.0,0,4,Salaried,86935.0,81097.0,651.0,0,Poor,5.813766411286945,10.255478727395035,2020,7,8,2,False,True,False,False,False,True,Medium,0,Q2,0,2020,0.932846379478921,14.666666666666666,13301.055
336,259,0.574,2019-10-26,60.0,1,1,Unemployed,98957.0,82662.0,835.0,1,Poor,5.406301466001334,8.35530103036717,2019,10,26,5,False,False,True,False,False,True,Medium,0,Q2,0,2019,0.8353325181644553,21.583333333333332,56801.31799999999
337,253,0.507,2021-07-18,50.0,0,1,Salaried,81864.0,27302.0,816.0,1,Average,5.744859097245751,7.686558253978832,2021,7,18,6,False,False,True,False,False,False,Medium,0,Q2,0,2021,0.33350434867585266,21.083333333333332,41505.048
338,434,0.067,2018-11-02,37.0,0,2,Unemployed,33621.0,63700.0,765.0,1,Average,4.932829620677956,10.036836490270105,2018,11,2,4,False,False,True,False,False,False,Low,0,Q1,2,2018,1.894649177597335,36.166666666666664,2252.607
339,11,0.476,2019-12-30,67.0,0,4,Salaried,29819.0,89102.0,816.0,0,Good,7.516822725213287,9.537895718099122,2019,12,30,0,False,False,False,False,False,True,Low,0,Q1,2,2019,2.988094838861129,0.9166666666666666,14193.844
340,160,0.133,2020-12-01,37.0,1,1,Unemployed,182228.0,31645.0,692.0,0,Average,7.9488053333504105,6.031838031770583,2020,12,1,1,True,False,False,True,False,False,High,1,Q4,1,2020,0.17365607919748885,13.333333333333334,24236.324
341,259,0.814,2018-03-01,42.0,0,2,Unemployed,86133.0,76564.0,347.0,0,Average,4.787876097052891,6.7327009212441205,2018,3,1,3,False,True,False,False,False,True,Medium,0,Q2,0,2018,0.8889043688249567,21.583333333333332,70112.262
342,231,0.895,2022-12-03,25.0,0,3,Salaried,109033.0,40702.0,328.0,0,Good,4.431029453056105,6.014669549619853,2022,12,3,5,True,False,False,False,True,False,High,1,Q2,0,2022,0.3732998266579843,19.25,97584.535
343,23,0.364,2019-04-22,68.0,0,1,Self-Employed,27532.0,63221.0,670.0,0,Good,6.289410842464371,7.638926959741171,2019,4,22,0,True,False,False,False,False,False,Low,0,Q1,2,2019,2.296273427284614,1.9166666666666667,10021.648
344,433,0.206,2019-01-01,26.0,0,1,Unemployed,198029.0,71059.0,453.0,1,Good,4.6879514302278755,7.392207409345264,2019,1,1,1,True,False,False,False,False,False,High,1,Q4,1,2019,0.3588312822869378,36.083333333333336,40793.973999999995
345,56,0.347,2018-05-20,29.0,0,4,Self-Employed,107360.0,32751.0,727.0,0,Average,6.828484850117581,6.348547799890111,2018,5,20,6,False,False,True,False,False,True,High,1,Q2,0,2018,0.30505774962742177,4.666666666666667,37253.92
346,355,0.461,2021-08-28,44.0,1,1,Self-Employed,70652.0,73626.0,750.0,0,Average,5.810708911362177,8.166545964141129,2021,8,28,5,False,True,False,False,False,True,Medium,0,Q2,2,2021,1.0420936420766573,29.583333333333332,32570.572
347,431,0.577,2022-04-18,52.0,0,1,Salaried,165700.0,74357.0,511.0,0,Good,4.264053157613944,7.9343178429794365,2022,4,18,0,True,False,False,False,False,False,High,1,Q4,1,2022,0.4487447193723597,35.916666666666664,95608.9
348,120,0.339,2021-09-20,49.0,0,3,Self-Employed,129211.0,58045.0,398.0,1,Average,5.096553200555499,10.943385828863354,2021,9,20,0,False,True,False,True,False,False,High,1,Q3,0,2021,0.44922645904760433,10.0,43802.529
349,207,0.604,2023-03-31,29.0,0,3,Self-Employed,155587.0,43287.0,443.0,0,Poor,6.687037598698739,10.351389164192815,2023,3,31,4,True,False,False,False,True,False,High,1,Q4,1,2023,0.2782173317822183,17.25,93974.548
350,142,0.584,2019-02-28,69.0,0,4,Self-Employed,75216.0,95938.0,601.0,1,Good,4.335599011078848,7.157757205793305,2019,2,28,3,True,False,False,False,False,False,Medium,0,Q2,2,2019,1.275499893639651,11.833333333333334,43926.144
351,232,0.404,2019-11-17,53.0,0,4,Unemployed,177277.0,73552.0,801.0,1,Poor,6.392377469266723,7.9334225937436615,2019,11,17,6,False,True,False,False,False,False,High,1,Q4,1,2019,0.4148987178257755,19.333333333333332,71619.90800000001
352,332,0.58,2018-11-30,60.0,1,2,Unemployed,126630.0,23786.0,793.0,0,Average,5.0007411667181785,8.240815020863739,2018,11,30,4,False,True,False,False,False,True,High,1,Q3,0,2018,0.18783858485351024,27.666666666666668,73445.4
353,370,0.202,2022-11-30,66.0,0,1,Salaried,163967.0,93862.0,837.0,0,Poor,7.975151913198966,11.51852823525709,2022,11,30,2,True,False,False,False,True,False,High,1,Q4,1,2022,0.5724444552867345,30.833333333333332,33121.334
354,92,0.819,2021-12-11,49.0,1,3,Salaried,195181.0,50048.0,679.0,1,Average,7.8007963848552615,8.306750919201471,2021,12,11,5,True,False,False,False,True,False,High,1,Q4,1,2021,0.25641840138128197,7.666666666666667,159853.239
355,350,0.561,2020-06-12,39.0,1,2,Salaried,138582.0,14135.0,707.0,1,Average,5.267799118016048,10.887806914885962,2020,6,12,4,True,False,False,False,False,True,High,1,Q3,0,2020,0.10199737339625636,29.166666666666668,77744.50200000001
356,497,0.305,2020-02-19,68.0,1,4,Salaried,86783.0,71975.0,634.0,0,Average,5.322467930146356,8.18438926504378,2020,2,19,2,False,True,False,False,False,False,Medium,0,Q2,0,2020,0.829367502851941,41.416666666666664,26468.815
357,263,0.894,2022-02-11,34.0,1,3,Self-Employed,36686.0,31121.0,384.0,0,Poor,6.748624064201144,10.481636938504206,2022,2,11,4,False,True,False,False,False,True,Low,0,Q1,2,2022,0.8483072561740174,21.916666666666668,32797.284
358,417,0.809,2023-01-13,59.0,0,4,Self-Employed,20678.0,27056.0,801.0,0,Poor,7.649142273698487,9.33400602065899,2023,1,13,4,False,False,True,True,False,False,Low,0,Q1,2,2023,1.3084437566495792,34.75,16728.502
359,112,0.289,2022-07-30,61.0,0,4,Self-Employed,127673.0,18292.0,819.0,0,Average,7.498306304217724,7.9857896597124185,2022,7,30,5,False,True,False,False,False,True,High,1,Q3,0,2022,0.14327226586670636,9.333333333333334,36897.496999999996
360,255,0.443,2019-11-04,27.0,1,3,Unemployed,107893.0,69185.0,736.0,1,Poor,7.645701484712023,10.999372815517084,2019,11,4,0,False,False,True,False,True,False,High,1,Q2,0,2019,0.6412371516224408,21.25,47796.599
361,461,0.714,2021-11-18,25.0,0,1,Salaried,60857.0,41161.0,664.0,1,Poor,5.839279901190906,11.706570873688262,2021,11,18,3,False,False,True,True,False,False,Medium,0,Q1,2,2021,0.6763560477841497,38.416666666666664,43451.898
362,87,0.487,2020-01-26,37.0,1,1,Unemployed,145286.0,66977.0,561.0,0,Average,7.43482963684505,7.745442427384994,2020,1,26,6,False,False,False,False,False,True,High,1,Q3,1,2020,0.4610010599782498,7.25,70754.28199999999
363,330,0.211,2018-09-23,53.0,1,1,Self-Employed,190022.0,65797.0,767.0,1,Good,7.901277977561954,6.38291508307247,2018,9,23,6,True,False,False,False,False,False,High,1,Q4,1,2018,0.34625990674763973,27.5,40094.642
364,282,0.706,2018-09-25,45.0,0,1,Self-Employed,101140.0,58796.0,827.0,1,Good,7.526146404780953,11.239550698899093,2018,9,25,1,False,False,False,False,True,False,High,1,Q2,0,2018,0.5813328060114693,23.5,71404.84
365,301,0.056,2018-01-17,53.0,0,2,Self-Employed,176126.0,91117.0,658.0,1,Poor,4.152273045778071,8.301150747564032,2018,1,17,2,False,False,True,False,False,False,High,1,Q4,1,2018,0.5173398589646049,25.083333333333332,9863.056
366,18,0.459,2021-09-29,60.0,0,2,Salaried,111357.0,69430.0,400.0,0,Average,7.882408292788066,8.241878460515697,2021,9,29,2,False,True,False,False,False,False,High,1,Q2,0,2021,0.6234902161516563,1.5,51112.863000000005
367,488,0.745,2023-01-14,37.0,1,1,Unemployed,37266.0,52702.0,834.0,1,Good,6.89488334804685,6.65398152333786,2023,1,14,5,False,False,False,True,False,False,Low,0,Q1,2,2023,1.4142113454623517,40.666666666666664,27763.17
368,404,0.759,2018-04-08,27.0,1,3,Salaried,57296.0,73334.0,364.0,0,Good,6.380976133763111,9.895067613603509,2018,4,8,6,False,False,False,True,False,False,Medium,0,Q1,2,2018,1.2799148282602626,33.666666666666664,43487.664
369,189,0.632,2022-06-22,33.0,1,1,Self-Employed,177004.0,84585.0,742.0,0,Poor,6.924931864198882,7.43590594306642,2022,6,22,2,False,True,False,True,False,False,High,1,Q4,1,2022,0.47787055659759103,15.75,111866.528
370,379,0.676,2021-02-26,38.0,0,4,Unemployed,36276.0,95223.0,562.0,0,Good,7.793173232570284,10.781905252263384,2021,2,26,4,True,False,False,True,False,False,Low,0,Q1,2,2021,2.624958650347337,31.583333333333332,24522.576
371,451,0.962,2020-08-17,41.0,0,2,Salaried,26309.0,39454.0,657.0,1,Poor,6.974913592370481,6.712789059429269,2020,8,17,0,False,False,True,False,False,False,Low,0,Q1,2,2020,1.4996389068379643,37.583333333333336,25309.257999999998
372,417,0.154,2020-06-11,60.0,0,2,Salaried,55922.0,8858.0,508.0,1,Average,6.306815538220249,9.949630496842463,2020,6,11,3,False,False,False,False,True,False,Medium,0,Q1,2,2020,0.15839919888416007,34.75,8611.988
373,237,0.001,2018-12-02,62.0,0,2,Self-Employed,114150.0,61181.0,332.0,0,Poor,6.3858399519554,11.582013970363246,2018,12,2,6,False,False,False,False,False,False,High,1,Q3,0,2018,0.5359702146298729,19.75,114.15
374,109,0.146,2021-02-17,53.0,0,2,Salaried,82990.0,84610.0,600.0,0,Average,5.7807874699058015,11.772311671076242,2021,2,17,2,False,True,False,True,False,False,Medium,0,Q2,0,2021,1.0195204241474876,9.083333333333334,12116.539999999999
375,248,0.781,2021-02-15,35.0,1,1,Self-Employed,104140.0,34948.0,422.0,0,Poor,4.6235972339707985,10.173715165981807,2021,2,15,0,False,False,True,False,True,False,High,1,Q2,0,2021,0.33558671019781067,20.666666666666668,81333.34
376,230,0.585,2022-02-17,62.0,1,3,Salaried,40233.0,75768.0,883.0,1,Poor,5.378623299245856,9.797995827748144,2022,2,17,3,False,False,True,False,True,False,Low,0,Q1,2,2022,1.883230184177168,19.166666666666668,23536.305
377,292,0.539,2020-01-30,38.0,1,4,Salaried,29994.0,75313.0,749.0,0,Poor,5.235028902949635,10.833274546835586,2020,1,30,3,False,False,False,False,True,False,Low,0,Q1,2,2020,2.5109355204374206,24.333333333333332,16166.766000000001
378,442,0.252,2022-04-07,65.0,1,4,Self-Employed,150602.0,85483.0,352.0,1,Poor,5.94560223966424,7.708673092390887,2022,4,7,3,False,False,False,False,False,False,High,1,Q3,1,2022,0.5676086638955657,36.833333333333336,37951.704
379,209,0.556,2021-08-12,44.0,0,1,Salaried,106260.0,35503.0,847.0,1,Average,5.3385239342882755,7.043854876142822,2021,8,12,3,False,False,True,True,False,False,High,1,Q2,0,2021,0.33411443628834936,17.416666666666668,59080.560000000005
380,331,0.158,2019-12-01,21.0,0,1,Salaried,82387.0,56817.0,742.0,0,Poor,4.769741993255394,7.010077045172788,2019,12,1,6,True,False,False,True,False,False,Medium,0,Q2,0,2019,0.689635500746477,27.583333333333332,13017.146
381,42,0.745,2021-05-14,48.0,1,3,Salaried,79187.0,49665.0,660.0,1,Poor,4.7158457351563925,6.089738431296525,2021,5,14,4,False,False,True,False,True,False,Medium,0,Q2,2,2021,0.6271862805763573,3.5,58994.315
382,440,0.092,2020-03-24,21.0,0,1,Self-Employed,190453.0,93282.0,349.0,0,Average,6.150927541434573,7.101764921602485,2020,3,24,1,False,True,False,False,False,True,High,1,Q4,1,2020,0.48979013194856474,36.666666666666664,17521.676
383,495,0.205,2019-08-24,23.0,1,4,Self-Employed,136079.0,12958.0,464.0,1,Good,7.161755097968486,8.848693793985309,2019,8,24,5,False,False,True,False,True,False,High,1,Q3,0,2019,0.09522409776673844,41.25,27896.195
384,393,0.806,2023-03-05,59.0,0,1,Self-Employed,119290.0,34308.0,772.0,0,Good,7.194490891058603,9.299987039910928,2023,3,5,6,False,False,False,False,False,True,High,1,Q3,0,2023,0.28760164305474056,32.75,96147.74
385,494,0.789,2019-03-12,28.0,0,1,Self-Employed,52196.0,44334.0,868.0,1,Good,7.05893199076924,6.1050227402469535,2019,3,12,1,False,False,True,False,False,True,Medium,0,Q1,2,2019,0.8493754310675148,41.166666666666664,41182.644
386,397,0.439,2022-06-18,32.0,0,1,Unemployed,166623.0,82304.0,336.0,0,Good,4.559129125932239,11.791293906888455,2022,6,18,5,False,False,False,False,False,True,High,1,Q4,1,2022,0.4939534157949383,33.083333333333336,73147.497
387,499,0.552,2021-12-19,53.0,0,4,Salaried,86475.0,53590.0,492.0,0,Average,6.027526630959006,7.234343944813144,2021,12,19,6,False,False,True,False,True,False,Medium,0,Q2,0,2021,0.6197166811217115,41.583333333333336,47734.200000000004
388,118,0.971,2020-08-22,39.0,1,2,Salaried,184898.0,62660.0,581.0,1,Poor,5.321820734992673,9.444870831045948,2020,8,22,5,False,True,False,False,True,False,High,1,Q4,1,2020,0.33888954991400666,9.833333333333334,179535.95799999998
389,140,0.79,2019-04-02,52.0,1,4,Self-Employed,75181.0,62446.0,571.0,0,Average,6.7095994642280505,6.452455168512505,2019,4,2,1,False,False,True,True,False,False,Medium,0,Q2,2,2019,0.8306087974355223,11.666666666666666,59392.990000000005
390,430,0.52,2022-07-26,60.0,1,2,Unemployed,115669.0,13448.0,732.0,0,Good,5.950049384510649,6.591140150282222,2022,7,26,1,False,False,True,False,True,False,High,1,Q3,0,2022,0.11626278432423554,35.833333333333336,60147.880000000005
391,185,0.356,2020-12-28,60.0,0,3,Salaried,63233.0,59353.0,691.0,0,Average,5.160272973812876,9.209719508607863,2020,12,28,0,False,True,False,True,False,False,Medium,0,Q1,2,2020,0.9386396343681306,15.416666666666666,22510.948
392,249,0.719,2022-11-14,44.0,1,1,Unemployed,55278.0,44557.0,356.0,1,Average,6.328581474609487,6.795521085445431,2022,11,14,0,False,True,False,False,False,False,Medium,0,Q1,2,2022,0.8060530409928001,20.75,39744.882
393,197,0.027,2020-07-09,27.0,1,4,Unemployed,132513.0,68587.0,443.0,1,Average,6.087263231216319,11.759138757321779,2020,7,9,3,False,True,False,False,False,True,High,1,Q3,0,2020,0.5175869537328414,16.416666666666668,3577.851
394,469,0.368,2022-05-30,49.0,1,4,Self-Employed,116613.0,74866.0,387.0,1,Average,6.683950888162972,10.65946922378937,2022,5,30,0,False,False,True,False,False,True,High,1,Q3,0,2022,0.6420038932194524,39.083333333333336,42913.584
395,473,0.848,2021-11-27,31.0,1,2,Salaried,27744.0,9152.0,373.0,0,Average,6.462751988361347,9.20629485540304,2021,11,27,5,False,False,False,False,False,True,Low,0,Q1,2,2021,0.32987312572087657,39.416666666666664,23526.912
396,199,0.708,2021-11-11,69.0,1,1,Unemployed,41814.0,15225.0,525.0,1,Good,5.01157073841065,7.611205898427141,2021,11,11,3,False,True,False,False,True,False,Low,0,Q1,2,2021,0.3641124982063424,16.583333333333332,29604.311999999998
397,400,0.169,2022-01-27,36.0,0,3,Self-Employed,162438.0,77875.0,312.0,1,Poor,4.182231437631216,10.132747664666425,2022,1,27,3,False,False,False,False,False,False,High,1,Q4,1,2022,0.47941368399019935,33.333333333333336,27452.022
398,285,0.973,2023-03-23,49.0,0,3,Unemployed,123411.0,55872.0,326.0,1,Poor,4.909571159758681,9.560961541634057,2023,3,23,3,True,False,False,False,True,False,High,1,Q3,0,2023,0.45273111797165566,23.75,120078.90299999999
399,93,0.071,2022-04-22,58.0,1,3,Self-Employed,154935.0,16502.0,643.0,1,Poor,6.878373848021147,9.27818490088923,2022,4,22,4,False,True,False,False,False,False,High,1,Q4,1,2022,0.10650918126956466,7.75,11000.384999999998
400,351,0.239,2019-02-25,47.0,0,2,Salaried,86349.0,14516.0,393.0,1,Poor,5.674494248150863,7.032060869228639,2019,2,25,0,False,False,True,False,False,True,Medium,0,Q2,0,2019,0.16810848996514147,29.25,20637.411
401,365,0.554,2018-09-25,26.0,0,4,Salaried,198049.0,43061.0,330.0,0,Average,7.785332498982509,8.038073203704442,2018,9,25,1,False,False,False,False,True,False,High,1,Q4,1,2018,0.2174259905376952,30.416666666666668,109719.14600000001
402,346,0.6,2022-02-13,54.0,1,4,Self-Employed,25146.0,31853.0,894.0,0,Good,4.49659184449604,8.76861502875866,2022,2,13,6,False,True,False,False,True,False,Low,0,Q1,2,2022,1.2667223415254911,28.833333333333332,15087.599999999999
403,278,0.09,2021-07-02,37.0,0,4,Salaried,110601.0,95945.0,774.0,1,Poor,5.183016554199846,10.082565713368824,2021,7,2,4,True,False,False,False,False,True,High,1,Q2,0,2021,0.8674876357356625,23.166666666666668,9954.09
404,305,0.483,2020-02-29,53.0,1,2,Salaried,194619.0,68927.0,612.0,1,Average,5.603154944469249,9.693191562306627,2020,2,29,5,True,False,False,False,False,False,High,1,Q4,1,2020,0.35416377640415375,25.416666666666668,94000.977
405,178,0.065,2022-08-11,52.0,1,1,Self-Employed,71118.0,11557.0,823.0,0,Poor,6.425752902010976,11.629923717835204,2022,8,11,3,False,True,False,True,False,False,Medium,0,Q2,2,2022,0.16250456986979386,14.833333333333334,4622.67
406,75,0.086,2018-11-08,61.0,1,2,Salaried,75894.0,47533.0,568.0,1,Average,5.14388365984677,8.11602401824419,2018,11,8,3,True,False,False,False,False,False,Medium,0,Q2,2,2018,0.626307745012781,6.25,6526.883999999999
407,327,0.676,2020-12-16,22.0,0,3,Unemployed,138169.0,21691.0,417.0,0,Poor,6.537459253007115,9.268737816286688,2020,12,16,2,True,False,False,True,False,False,High,1,Q3,0,2020,0.15698890489183537,27.25,93402.244
408,378,0.606,2020-08-17,36.0,1,3,Salaried,52725.0,8842.0,530.0,0,Poor,5.339872510930962,8.134318451295734,2020,8,17,0,False,False,True,False,True,False,Medium,0,Q1,2,2020,0.16770033191085823,31.5,31951.35
409,154,0.129,2019-04-14,51.0,1,1,Salaried,195013.0,95742.0,348.0,1,Good,7.487899808647128,6.827123546862519,2019,4,14,6,True,False,False,False,False,True,High,1,Q4,1,2019,0.49095188525893146,12.833333333333334,25156.677
410,158,0.148,2019-08-27,35.0,0,3,Unemployed,148131.0,56781.0,728.0,0,Good,5.962883239140371,9.897008887404542,2019,8,27,1,False,True,False,False,False,False,High,1,Q3,1,2019,0.38331611884075584,13.166666666666666,21923.388
411,155,0.75,2018-06-03,62.0,0,3,Self-Employed,172792.0,14717.0,729.0,0,Average,6.871126450952971,10.456553188199106,2018,6,3,6,False,True,False,False,False,False,High,1,Q4,1,2018,0.08517176721144497,12.916666666666666,129594.0
412,315,0.937,2021-02-19,22.0,1,3,Unemployed,117470.0,44453.0,626.0,1,Good,6.02677960695818,8.263085663368955,2021,2,19,4,False,False,False,True,False,False,High,1,Q3,0,2021,0.3784200221333106,26.25,110069.39
413,379,0.35,2023-02-16,57.0,0,2,Salaried,174305.0,61177.0,890.0,0,Good,7.94941910579629,11.124764341956187,2023,2,16,3,False,True,False,False,True,False,High,1,Q4,1,2023,0.35097673618083247,31.583333333333332,61006.74999999999
414,217,0.506,2021-07-09,25.0,1,2,Unemployed,181750.0,29452.0,845.0,0,Good,5.9412479393983055,11.72204639676414,2021,7,9,4,True,False,False,False,False,True,High,1,Q4,1,2021,0.16204676753782668,18.083333333333332,91965.5
415,364,0.709,2018-07-29,57.0,1,2,Unemployed,86536.0,74878.0,510.0,1,Good,7.442518201026328,7.245970481877117,2018,7,29,6,True,False,False,False,True,False,Medium,0,Q2,0,2018,0.8652815013404825,30.333333333333332,61354.024
416,109,0.05,2018-03-31,67.0,1,2,Unemployed,55041.0,73791.0,867.0,1,Poor,6.785603430619455,10.097429993127909,2018,3,31,5,False,False,True,False,True,False,Medium,0,Q1,2,2018,1.3406551479805964,9.083333333333334,2752.05
417,370,0.898,2019-12-03,58.0,1,3,Unemployed,139799.0,66587.0,804.0,0,Average,4.098069137828556,7.183042081482579,2019,12,3,1,False,True,False,False,False,True,High,1,Q3,0,2019,0.4763052668474023,30.833333333333332,125539.50200000001
418,126,0.566,2022-05-18,67.0,0,3,Salaried,113272.0,18380.0,582.0,1,Poor,5.478712414691509,11.248027967928241,2022,5,18,2,False,True,False,False,False,False,High,1,Q3,0,2022,0.16226428420086164,10.5,64111.952
419,188,0.189,2019-08-11,39.0,0,3,Self-Employed,35789.0,78428.0,328.0,1,Good,7.125031213634513,8.747642110823948,2019,8,11,6,True,False,False,False,False,False,Low,0,Q1,2,2019,2.191399592053424,15.666666666666666,6764.121
420,426,0.529,2019-01-10,37.0,0,2,Salaried,84943.0,40295.0,679.0,0,Poor,7.036498336598635,6.660591663975369,2019,1,10,3,False,True,False,False,False,True,Medium,0,Q2,0,2019,0.47437693512119894,35.5,44934.847
421,365,0.939,2020-01-02,57.0,0,1,Self-Employed,134961.0,49282.0,357.0,0,Poor,6.494833264867115,11.075660160138607,2020,1,2,3,True,False,False,False,False,False,High,1,Q3,0,2020,0.3651573417505798,30.416666666666668,126728.37899999999
422,45,0.861,2018-03-31,52.0,0,3,Self-Employed,76174.0,85268.0,334.0,1,Average,7.0848884816509194,8.593813079412886,2018,3,31,5,True,False,False,False,True,False,Medium,0,Q2,2,2018,1.1193845669125948,3.75,65585.814
423,227,0.158,2022-08-12,22.0,1,3,Unemployed,92307.0,33022.0,658.0,0,Good,4.635872208245461,6.1446563537791095,2022,8,12,4,False,True,False,False,False,False,Medium,0,Q2,0,2022,0.3577410163909563,18.916666666666668,14584.506
424,79,0.964,2023-02-12,24.0,0,1,Unemployed,175184.0,33310.0,777.0,0,Good,7.796867935437015,8.417722000129613,2023,2,12,6,False,True,False,False,True,False,High,1,Q4,1,2023,0.19014293542789296,6.583333333333333,168877.376
425,140,0.007,2019-04-01,24.0,0,2,Unemployed,49177.0,50385.0,696.0,0,Poor,4.81803364132085,11.799960534651088,2019,4,1,0,False,True,False,False,False,False,Low,0,Q1,2,2019,1.0245643288529191,11.666666666666666,344.23900000000003
426,319,0.441,2023-05-28,64.0,0,3,Salaried,54494.0,19428.0,877.0,0,Poor,7.31901160631848,6.329428782616661,2023,5,28,6,False,False,False,False,False,False,Medium,0,Q1,2,2023,0.35651631372261167,26.583333333333332,24031.854
427,86,0.786,2023-01-21,61.0,1,3,Salaried,119533.0,58771.0,365.0,1,Poor,4.4541379934908285,8.565701864969412,2023,1,21,5,True,False,False,True,False,False,High,1,Q3,0,2023,0.49167175591677614,7.166666666666667,93952.93800000001
428,109,0.466,2018-08-14,22.0,0,3,Salaried,137876.0,43459.0,850.0,1,Poor,5.077344078019961,8.103092556520096,2018,8,14,1,False,True,False,True,False,False,High,1,Q3,0,2018,0.315203516202965,9.083333333333334,64250.216
429,406,0.871,2021-07-03,68.0,0,3,Salaried,126688.0,86869.0,476.0,0,Good,5.116381336085661,8.107307722543164,2021,7,3,5,True,False,False,False,False,False,High,1,Q3,0,2021,0.685692409699419,33.833333333333336,110345.24799999999
430,315,0.249,2022-12-11,36.0,0,2,Unemployed,136296.0,73914.0,345.0,1,Good,5.935455535281494,6.0658591608903105,2022,12,11,6,False,True,False,False,False,False,High,1,Q3,0,2022,0.5423049832717027,26.25,33937.704
431,312,0.791,2021-01-04,23.0,1,2,Salaried,113074.0,13476.0,701.0,1,Average,6.057706639556098,9.815733551823987,2021,1,4,0,False,False,False,False,False,False,High,1,Q3,0,2021,0.11917859101119621,26.0,89441.534
432,18,0.172,2022-05-01,46.0,0,2,Salaried,129470.0,55780.0,662.0,1,Poor,7.148689711397111,9.82014690859571,2022,5,1,6,True,False,False,False,False,True,High,1,Q3,0,2022,0.4308333976983085,1.5,22268.839999999997
433,241,0.609,2023-03-14,65.0,1,1,Salaried,182816.0,15746.0,716.0,0,Poor,4.1686103072289225,9.375382574746286,2023,3,14,1,False,True,False,True,False,False,High,1,Q4,1,2023,0.08613031682128479,20.083333333333332,111334.944
434,277,0.946,2019-07-02,62.0,1,4,Self-Employed,54390.0,77412.0,343.0,1,Poor,6.300072131540958,10.553915211074358,2019,7,2,1,False,True,False,False,True,False,Medium,0,Q1,2,2019,1.4232763375620519,23.083333333333332,51452.939999999995
435,351,0.828,2022-12-01,59.0,0,3,Unemployed,116629.0,27728.0,651.0,1,Poor,5.69103807807195,8.260111866791913,2022,12,1,3,False,False,True,False,False,True,High,1,Q3,0,2022,0.2377453292062866,29.25,96568.81199999999
436,496,0.965,2019-01-28,33.0,0,4,Unemployed,95588.0,99919.0,744.0,0,Average,4.906182357039064,8.38603063453903,2019,1,28,0,False,False,False,False,True,False,Medium,0,Q2,0,2019,1.0453090346068543,41.333333333333336,92242.42
437,429,0.193,2021-09-07,58.0,1,4,Unemployed,82526.0,86462.0,466.0,1,Good,4.391609253118082,9.800847684359212,2021,9,7,1,True,False,False,True,False,False,Medium,0,Q2,0,2021,1.0476940600538012,35.75,15927.518
438,12,0.059,2021-06-14,25.0,0,2,Unemployed,73763.0,72588.0,880.0,0,Good,5.235057643605284,8.998083979906033,2021,6,14,0,False,True,False,False,True,False,Medium,0,Q2,2,2021,0.984070604503613,1.0,4352.017
439,253,0.817,2018-11-08,57.0,1,2,Self-Employed,33765.0,79901.0,696.0,1,Good,4.47564089190361,10.293607003064393,2018,11,8,3,False,False,True,False,True,False,Low,0,Q1,2,2018,2.366385310232489,21.083333333333332,27586.004999999997
440,44,0.073,2022-08-20,62.0,0,2,Unemployed,63400.0,21261.0,326.0,1,Good,6.927449596648772,11.503923961556845,2022,8,20,5,False,False,True,True,False,False,Medium,0,Q1,2,2022,0.3353470031545741,3.6666666666666665,4628.2
441,417,0.655,2022-10-06,38.0,0,2,Unemployed,167282.0,42672.0,365.0,1,Good,5.3610861626369815,10.794511199962141,2022,10,6,3,False,False,True,False,False,True,High,1,Q4,1,2022,0.2550902069559188,34.75,109569.71
442,223,0.159,2018-12-29,24.0,1,1,Self-Employed,78365.0,42065.0,771.0,0,Good,6.601575101741578,6.076181251810355,2018,12,29,5,False,False,True,False,True,False,Medium,0,Q2,2,2018,0.5367830026159638,18.583333333333332,12460.035
443,426,0.102,2018-02-09,69.0,1,2,Unemployed,166400.0,98159.0,482.0,0,Good,4.929110625085284,10.184659176860668,2018,2,9,4,True,False,False,False,False,True,High,1,Q4,1,2018,0.5898978365384615,35.5,16972.8
444,271,0.509,2021-12-28,29.0,0,4,Self-Employed,191318.0,34145.0,520.0,1,Average,4.324317432090978,10.659380669174785,2021,12,28,1,False,True,False,False,True,False,High,1,Q4,1,2021,0.178472490826791,22.583333333333332,97380.86200000001
445,97,0.093,2020-05-08,26.0,1,4,Unemployed,50882.0,9911.0,343.0,1,Poor,6.772066408293398,8.102307157662732,2020,5,8,4,True,False,False,False,False,False,Medium,0,Q1,2,2020,0.19478401006249754,8.083333333333334,4732.026
446,287,0.588,2019-03-30,31.0,1,4,Self-Employed,24611.0,21115.0,794.0,0,Good,7.4443258209502,10.441755587683152,2019,3,30,5,True,False,False,False,True,False,Low,0,Q1,2,2019,0.8579496972898297,23.916666666666668,14471.268
447,314,0.328,2019-06-26,26.0,0,1,Self-Employed,21705.0,25951.0,331.0,0,Poor,7.711526755850851,6.564663385937735,2019,6,26,2,False,False,False,True,False,False,Low,0,Q1,2,2019,1.195623128311449,26.166666666666668,7119.240000000001
448,26,0.857,2021-09-30,25.0,1,1,Self-Employed,104859.0,34038.0,472.0,1,Good,4.427787290006143,9.711945136891742,2021,9,30,3,False,False,True,False,False,False,High,1,Q2,0,2021,0.32460732984293195,2.1666666666666665,89864.163
449,51,0.267,2021-07-02,27.0,0,3,Unemployed,48165.0,7749.0,501.0,0,Good,6.772580803334817,8.758815925791009,2021,7,2,4,False,True,False,False,False,True,Low,0,Q1,2,2021,0.16088445966988477,4.25,12860.055
450,316,0.662,2023-04-05,54.0,0,3,Unemployed,24327.0,90929.0,360.0,1,Good,6.529898317806664,8.771612723186017,2023,4,5,2,False,False,False,False,False,False,Low,0,Q1,2,2023,3.7377810663049287,26.333333333333332,16104.474
451,313,0.699,2023-02-12,62.0,1,3,Unemployed,73048.0,65818.0,397.0,1,Average,5.0809510993328075,10.492287707132856,2023,2,12,6,False,False,False,True,False,False,Medium,0,Q2,2,2023,0.9010239842295477,26.083333333333332,51060.551999999996
452,334,0.518,2018-12-04,44.0,0,1,Unemployed,117583.0,86442.0,876.0,1,Good,6.890243571243486,8.262987706954728,2018,12,4,1,False,False,False,False,False,True,High,1,Q3,0,2018,0.7351572931461181,27.833333333333332,60907.994
453,258,0.413,2020-05-25,59.0,0,3,Unemployed,163779.0,24820.0,538.0,0,Average,6.710839784178157,11.613520712813548,2020,5,25,0,False,False,False,False,False,True,High,1,Q4,1,2020,0.15154568045964378,21.5,67640.727
454,344,0.326,2022-12-26,62.0,0,1,Self-Employed,145880.0,18561.0,770.0,1,Poor,7.886332978004704,10.247490066339394,2022,12,26,0,True,False,False,False,False,False,High,1,Q3,1,2022,0.12723471346312037,28.666666666666668,47556.880000000005
455,352,0.925,2022-11-04,31.0,1,1,Unemployed,63330.0,89761.0,575.0,1,Poor,7.135166801639473,9.11598660469631,2022,11,4,4,False,True,False,True,False,False,Medium,0,Q1,2,2022,1.417353544923417,29.333333333333332,58580.25
456,116,0.823,2023-06-12,56.0,0,4,Salaried,60744.0,5555.0,445.0,0,Poor,7.846635103740265,9.829936378771773,2023,6,12,0,True,False,False,False,False,False,Medium,0,Q1,2,2023,0.09144936125378639,9.666666666666666,49992.312
457,267,0.039,2020-11-13,29.0,1,2,Salaried,109705.0,13940.0,865.0,0,Average,6.7745679026258605,7.015172713479979,2020,11,13,4,True,False,False,False,False,False,High,1,Q2,0,2020,0.12706804612369538,22.25,4278.495
458,137,0.049,2021-05-31,23.0,1,3,Unemployed,54466.0,70084.0,546.0,1,Good,4.062539968498154,7.980602796928523,2021,5,31,0,True,False,False,False,False,True,Medium,0,Q1,2,2021,1.2867476958102302,11.416666666666666,2668.8340000000003
459,193,0.914,2020-06-26,62.0,1,3,Self-Employed,33583.0,45705.0,861.0,1,Average,4.052505872040561,6.910428906038021,2020,6,26,4,False,False,True,False,True,False,Low,0,Q1,2,2020,1.3609564362921716,16.083333333333332,30694.862
460,63,0.448,2022-08-13,37.0,1,3,Unemployed,72382.0,53668.0,588.0,0,Good,7.2022115077400475,8.730122674900672,2022,8,13,5,False,False,True,False,True,False,Medium,0,Q2,2,2022,0.74145505788732,5.25,32427.136000000002
461,309,0.789,2021-04-15,30.0,1,2,Salaried,121479.0,39749.0,765.0,0,Poor,7.0845803253719595,6.202929217588001,2021,4,15,3,False,False,False,True,False,False,High,1,Q3,0,2021,0.3272088179850015,25.75,95846.93100000001
462,244,0.784,2020-08-12,58.0,0,1,Self-Employed,84970.0,48302.0,781.0,1,Good,5.56540864951168,10.860578366224857,2020,8,12,2,True,False,False,True,False,False,Medium,0,Q2,0,2020,0.5684594562786865,20.333333333333332,66616.48
463,314,0.588,2021-09-29,23.0,0,2,Unemployed,63567.0,12437.0,438.0,0,Average,4.822510631346898,6.328261956356105,2021,9,29,2,False,True,False,True,False,False,Medium,0,Q1,2,2021,0.19565183192537008,26.166666666666668,37377.396
464,167,0.606,2020-10-21,64.0,1,3,Self-Employed,125346.0,48182.0,350.0,0,Average,7.177692330895192,7.055428889200505,2020,10,21,2,False,False,True,False,False,False,High,1,Q3,0,2020,0.3843920029358735,13.916666666666666,75959.67599999999
465,152,0.281,2020-03-29,45.0,1,4,Salaried,154136.0,53241.0,492.0,0,Average,6.959760460694753,8.366334516676599,2020,3,29,6,False,False,False,False,False,False,High,1,Q3,1,2020,0.3454157367519593,12.666666666666666,43312.21600000001
466,338,0.94,2022-11-12,59.0,0,4,Self-Employed,36165.0,45839.0,785.0,1,Average,6.155922252025793,8.299032244286861,2022,11,12,5,False,False,True,False,False,False,Low,0,Q1,2,2022,1.2674961979814738,28.166666666666668,33995.1
467,216,0.698,2019-02-03,47.0,0,1,Salaried,21108.0,73053.0,688.0,0,Average,4.574611535955123,6.264915110199674,2019,2,3,6,False,False,False,False,True,False,Low,0,Q1,2,2019,3.4609152927799887,18.0,14733.383999999998
468,496,0.467,2021-09-08,26.0,1,4,Unemployed,128121.0,66841.0,461.0,1,Average,7.997228628372481,8.287666623934092,2021,9,8,2,False,True,False,True,False,False,High,1,Q3,0,2021,0.521702140944888,41.333333333333336,59832.507000000005
469,49,0.455,2023-04-09,65.0,1,1,Self-Employed,145398.0,75361.0,374.0,0,Poor,7.857341540389804,11.637548781369755,2023,4,9,6,False,True,False,False,True,False,High,1,Q3,1,2023,0.5183083673778182,4.083333333333333,66156.09
470,240,0.193,2018-01-16,37.0,0,4,Salaried,192820.0,59066.0,675.0,1,Average,4.728509167235479,11.211258888277106,2018,1,16,1,False,False,False,False,False,True,High,1,Q4,1,2018,0.3063271444870864,20.0,37214.26
471,418,0.421,2020-10-16,60.0,0,2,Self-Employed,146586.0,78619.0,525.0,0,Average,6.2676152776292975,10.54419219377065,2020,10,16,4,False,False,True,True,False,False,High,1,Q3,1,2020,0.5363336198545564,34.833333333333336,61712.706
472,160,0.241,2021-07-03,24.0,0,1,Unemployed,182719.0,86286.0,370.0,0,Good,5.152057845888526,10.618757344065987,2021,7,3,5,False,False,False,True,False,False,High,1,Q4,1,2021,0.47223332001598084,13.333333333333334,44035.278999999995
473,261,0.687,2019-09-07,51.0,1,3,Unemployed,183629.0,33226.0,390.0,1,Good,5.783031247265097,6.83920964094075,2019,9,7,5,False,False,True,False,False,True,High,1,Q4,1,2019,0.18094091891803582,21.75,126153.123
474,118,0.938,2022-04-17,44.0,0,1,Self-Employed,138697.0,70634.0,308.0,0,Average,4.781741489806203,10.55833946173987,2022,4,17,6,True,False,False,True,False,False,High,1,Q3,0,2022,0.5092684052286639,9.833333333333334,130097.786
475,87,0.992,2019-07-01,49.0,0,1,Unemployed,130122.0,80930.0,468.0,0,Average,6.734766706833505,7.870845534436198,2019,7,1,0,False,False,False,True,False,False,High,1,Q3,0,2019,0.6219547808979266,7.25,129081.024
476,463,0.446,2021-04-15,67.0,1,4,Unemployed,66871.0,47119.0,620.0,1,Good,7.479090428840896,10.517527034777416,2021,4,15,3,False,False,True,False,False,True,Medium,0,Q2,2,2021,0.7046253233838286,38.583333333333336,29824.466
477,166,0.061,2022-12-31,36.0,0,4,Salaried,121102.0,12071.0,657.0,0,Good,4.046348396978027,11.714394437584716,2022,12,31,5,True,False,False,False,False,False,High,1,Q3,0,2022,0.0996763059239319,13.833333333333334,7387.222
478,403,0.544,2021-10-20,61.0,0,3,Unemployed,161364.0,58366.0,370.0,0,Good,7.687213807910959,7.09020474335603,2021,10,20,2,True,False,False,False,False,False,High,1,Q4,1,2021,0.3617039736248482,33.583333333333336,87782.016
479,202,0.754,2018-03-28,65.0,1,4,Salaried,41125.0,87400.0,715.0,1,Poor,4.6206284957397,7.327651888443689,2018,3,28,2,False,False,False,False,False,True,Low,0,Q1,2,2018,2.1252279635258358,16.833333333333332,31008.25
480,317,0.377,2022-08-04,42.0,1,1,Salaried,30642.0,97326.0,452.0,1,Average,5.272554631899409,11.941640444043774,2022,8,4,3,False,False,False,False,False,True,Low,0,Q1,2,2022,3.1762287056980614,26.416666666666668,11552.034
481,376,0.337,2020-01-31,35.0,1,2,Salaried,22529.0,20179.0,464.0,1,Good,7.8808057067545345,8.587686261424116,2020,1,31,4,True,False,False,False,False,False,Low,0,Q1,2,2020,0.8956899995561276,31.333333333333332,7592.273
482,75,0.281,2020-03-19,52.0,1,4,Salaried,135635.0,76707.0,303.0,0,Poor,5.963586883841362,11.727447354675475,2020,3,19,3,False,False,True,False,False,True,High,1,Q3,0,2020,0.5655398680281638,6.25,38113.435000000005
483,433,0.004,2021-04-07,56.0,1,3,Self-Employed,42200.0,19922.0,668.0,0,Poor,5.938769331756949,11.638151380585526,2021,4,7,2,False,True,False,False,False,False,Low,0,Q1,2,2021,0.47208530805687204,36.083333333333336,168.8
484,183,0.747,2020-06-15,55.0,1,3,Salaried,101377.0,16701.0,438.0,1,Average,4.014168882537888,8.643539407110037,2020,6,15,0,False,True,False,False,True,False,High,1,Q2,0,2020,0.16474150941535062,15.25,75728.619
485,276,0.668,2019-03-23,64.0,1,1,Salaried,90680.0,8933.0,497.0,1,Poor,5.768338055311822,10.596627085083991,2019,3,23,5,False,False,False,False,True,False,Medium,0,Q2,0,2019,0.0985112483458315,23.0,60574.240000000005
486,90,0.222,2020-09-26,50.0,1,1,Self-Employed,188069.0,52537.0,669.0,0,Poor,6.2658590819286974,10.205020626262925,2020,9,26,5,True,False,False,True,False,False,High,1,Q4,1,2020,0.27934960041261453,7.5,41751.318
487,489,0.575,2021-09-13,55.0,0,1,Self-Employed,161919.0,41043.0,374.0,0,Poor,7.6121581475128846,9.362904725048928,2021,9,13,0,True,False,False,False,True,False,High,1,Q4,1,2021,0.25347859114742555,40.75,93103.42499999999
488,91,0.68,2021-01-10,53.0,1,4,Salaried,20367.0,71607.0,680.0,1,Good,5.352966868329651,6.983904467790635,2021,1,10,6,False,False,True,False,False,True,Low,0,Q1,2,2021,3.51583443806157,7.583333333333333,13849.560000000001
489,286,0.643,2023-03-02,22.0,0,1,Unemployed,21669.0,15062.0,312.0,1,Poor,7.741527270811314,9.393039566243559,2023,3,2,3,False,False,True,False,False,True,Low,0,Q1,2,2023,0.6950943744519821,23.833333333333332,13933.167
490,231,0.71,2021-10-02,43.0,1,4,Unemployed,46730.0,16083.0,875.0,0,Good,4.410138557742984,8.941751830676974,2021,10,2,5,False,False,False,True,False,False,Low,0,Q1,2,2021,0.34416862829017764,19.25,33178.299999999996
491,74,0.976,2023-02-01,69.0,0,3,Self-Employed,58629.0,70883.0,789.0,1,Good,4.453996376866915,10.307200293087966,2023,2,1,2,True,False,False,False,True,False,Medium,0,Q1,2,2023,1.2090091934025824,6.166666666666667,57221.904
492,232,0.187,2023-01-21,44.0,0,3,Unemployed,102266.0,94278.0,470.0,1,Good,5.6692854955755845,6.096962928185022,2023,1,21,5,False,False,True,True,False,False,High,1,Q2,0,2023,0.9218899732071265,19.333333333333332,19123.742
493,265,0.68,2019-12-30,66.0,1,4,Salaried,199925.0,82811.0,336.0,0,Good,6.92987935920012,7.391508254378001,2019,12,30,0,False,False,True,False,False,True,High,1,Q4,1,2019,0.4142103288733275,22.083333333333332,135949.0
494,296,0.177,2019-04-24,58.0,1,2,Salaried,74715.0,84209.0,496.0,1,Poor,4.385992826007014,6.44251566705715,2019,4,24,2,False,True,False,False,False,False,Medium,0,Q2,2,2019,1.127069530884026,24.666666666666668,13224.554999999998
495,436,0.617,2020-09-17,30.0,0,3,Salaried,167659.0,95417.0,635.0,0,Good,5.5586324351700025,11.966879983673593,2020,9,17,3,False,False,False,False,True,False,High,1,Q4,1,2020,0.5691134982315295,36.333333333333336,103445.603
496,63,0.069,2019-08-09,30.0,0,2,Unemployed,26890.0,54063.0,739.0,0,Poor,5.675509219103176,10.777180598302923,2019,8,9,4,False,True,False,True,False,False,Low,0,Q1,2,2019,2.010524358497583,5.25,1855.41
497,383,0.768,2020-05-21,60.0,0,3,Self-Employed,88054.0,68779.0,766.0,0,Average,6.632912154295894,7.3500548020797325,2020,5,21,3,True,False,False,False,False,False,Medium,0,Q2,0,2020,0.7811002339473505,31.916666666666668,67625.472
498,283,0.443,2022-01-15,24.0,1,3,Self-Employed,25822.0,96071.0,379.0,0,Poor,5.264384720292881,6.978722048548541,2022,1,15,5,True,False,False,False,False,False,Low,0,Q1,2,2022,3.7205096429401285,23.583333333333332,11439.146
499,328,0.323,2020-04-11,61.0,0,3,Self-Employed,78597.0,61964.0,798.0,1,Good,4.999801446275747,11.092362621862733,2020,4,11,5,False,False,False,True,False,False,Medium,0,Q2,2,2020,0.7883761466722649,27.333333333333332,25386.831000000002
500,309,0.699,2023-05-30,23.0,1,4,Unemployed,60697.0,40000.0,381.0,1,Good,6.370399474924365,10.924023721294644,2023,5,30,1,True,False,False,False,False,True,Medium,0,Q1,2,2023,0.6590111537637775,25.75,42427.202999999994
501,93,0.048,2020-10-29,66.0,1,2,Self-Employed,33877.0,59479.0,605.0,1,Good,4.748781229792373,8.1215758172867,2020,10,29,3,False,True,False,True,False,False,Low,0,Q1,2,2020,1.7557339788056794,7.75,1626.096
502,105,0.586,2022-11-28,61.0,1,1,Self-Employed,22164.0,8341.0,833.0,1,Good,6.929899285405433,8.518896207537747,2022,11,28,0,False,False,True,False,False,False,Low,0,Q1,2,2022,0.37633098718642843,8.75,12988.104
503,82,0.535,2021-11-03,48.0,0,1,Unemployed,115408.0,76822.0,318.0,1,Poor,6.808031112029601,10.620659308124832,2021,11,3,2,False,False,False,False,True,False,High,1,Q3,0,2021,0.6656557604325524,6.833333333333333,61743.280000000006
504,94,0.098,2022-12-07,38.0,0,3,Unemployed,67967.0,74268.0,386.0,1,Average,5.06971884743707,9.69806841602951,2022,12,7,2,True,False,False,False,True,False,Medium,0,Q2,2,2022,1.092706754748628,7.833333333333333,6660.7660000000005
505,118,0.313,2020-12-18,61.0,1,3,Unemployed,123588.0,15423.0,860.0,1,Average,4.40390288148703,9.406181428473664,2020,12,18,4,False,True,False,False,False,False,High,1,Q3,0,2020,0.12479366928828041,9.833333333333334,38683.044
506,116,0.245,2018-05-18,64.0,1,4,Self-Employed,185837.0,29223.0,624.0,1,Average,6.252649746263822,8.689822743389563,2018,5,18,4,True,False,False,False,False,False,High,1,Q4,1,2018,0.1572507089546215,9.666666666666666,45530.065
507,306,0.198,2018-04-15,25.0,1,4,Unemployed,112280.0,49014.0,577.0,0,Good,7.963202420077539,11.137072703095427,2018,4,15,6,False,False,True,False,False,True,High,1,Q3,0,2018,0.4365336658354115,25.5,22231.440000000002
508,21,0.149,2022-05-31,50.0,1,4,Self-Employed,137138.0,6194.0,528.0,0,Average,4.2564491180385655,6.706182870194054,2022,5,31,1,False,False,False,False,False,True,High,1,Q3,0,2022,0.04516618296898015,1.75,20433.561999999998
509,346,0.104,2018-04-15,50.0,1,2,Unemployed,92335.0,97693.0,511.0,0,Good,5.772223906930867,11.239979247346973,2018,4,15,6,True,False,False,False,False,False,Medium,0,Q2,0,2018,1.0580278334326094,28.833333333333332,9602.84
510,327,0.594,2021-09-12,32.0,1,1,Salaried,61879.0,88537.0,449.0,0,Good,6.636713521191494,10.832032950499267,2021,9,12,6,False,False,True,False,True,False,Medium,0,Q1,2,2021,1.4308085133890334,27.25,36756.126
511,416,0.902,2021-06-28,65.0,0,1,Self-Employed,131783.0,42583.0,429.0,0,Good,4.326005687342279,8.520984327270416,2021,6,28,0,False,False,False,True,False,False,High,1,Q3,0,2021,0.3231296904760098,34.666666666666664,118868.266
512,39,0.753,2022-08-21,51.0,1,3,Salaried,86388.0,51893.0,612.0,0,Poor,4.409488676065639,9.558814469011262,2022,8,21,6,False,False,True,False,True,False,Medium,0,Q2,0,2022,0.600696856044821,3.25,65050.164
513,410,0.717,2019-10-07,42.0,1,2,Salaried,22722.0,40266.0,667.0,1,Poor,6.9864448844044205,8.22577724313755,2019,10,7,0,False,False,True,True,False,False,Low,0,Q1,2,2019,1.772115130710325,34.166666666666664,16291.673999999999
514,467,0.065,2018-10-22,47.0,0,4,Self-Employed,120165.0,35372.0,585.0,0,Good,7.346504337184045,11.860688515454667,2018,10,22,0,True,False,False,True,False,False,High,1,Q3,0,2018,0.2943619190280032,38.916666666666664,7810.725
515,67,0.347,2019-12-30,55.0,1,3,Unemployed,147493.0,65775.0,373.0,1,Average,5.665701057348725,6.037264969872039,2019,12,30,0,True,False,False,False,True,False,High,1,Q3,1,2019,0.4459533672784471,5.583333333333333,51180.070999999996
516,484,0.137,2022-11-01,62.0,1,3,Salaried,41602.0,48383.0,321.0,1,Good,6.718846514869403,11.815765426433579,2022,11,1,1,False,False,False,False,False,True,Low,0,Q1,2,2022,1.1629969712994568,40.333333333333336,5699.474
517,327,0.848,2020-10-04,46.0,0,3,Self-Employed,163339.0,14127.0,325.0,0,Good,7.124614183827553,6.628233055596736,2020,10,4,6,False,False,True,False,True,False,High,1,Q4,1,2020,0.08648883610160464,27.25,138511.472
518,191,0.443,2019-09-28,64.0,1,3,Self-Employed,150965.0,60631.0,760.0,1,Good,7.848934412294619,6.992338503113384,2019,9,28,5,False,False,False,False,False,True,High,1,Q3,1,2019,0.40162289272347895,15.916666666666666,66877.495
519,256,0.127,2020-12-24,37.0,0,3,Self-Employed,49532.0,25573.0,791.0,1,Good,7.1956317407472765,11.552050512626455,2020,12,24,3,True,False,False,False,False,False,Low,0,Q1,2,2020,0.5162924977792135,21.333333333333332,6290.564
520,383,0.978,2022-05-18,24.0,0,4,Salaried,119901.0,12886.0,822.0,1,Poor,4.763308247339433,11.729731930033541,2022,5,18,2,False,False,False,False,False,True,High,1,Q3,0,2022,0.1074719977314618,31.916666666666668,117263.178
521,359,0.435,2021-06-22,65.0,0,1,Self-Employed,86789.0,54062.0,700.0,1,Good,6.660553651362836,6.259894721167576,2021,6,22,1,False,False,True,True,False,False,Medium,0,Q2,0,2021,0.6229130419753656,29.916666666666668,37753.215
522,412,0.942,2020-10-14,57.0,1,4,Unemployed,130581.0,63584.0,383.0,0,Good,5.4900628192036045,11.312493439412275,2020,10,14,2,False,False,True,False,False,True,High,1,Q3,0,2020,0.4869314831407326,34.333333333333336,123007.302
523,245,0.869,2022-02-15,63.0,0,3,Salaried,86348.0,47226.0,677.0,1,Poor,7.313821385202219,7.808766102884074,2022,2,15,1,False,True,False,False,True,False,Medium,0,Q2,0,2022,0.546926390883402,20.416666666666668,75036.412
524,19,0.763,2021-06-22,31.0,1,3,Self-Employed,96733.0,55800.0,692.0,0,Poor,5.2258969845987755,7.888434108210707,2021,6,22,1,False,False,False,False,False,True,Medium,0,Q2,0,2021,0.5768455439198619,1.5833333333333333,73807.279
525,268,0.501,2018-08-15,32.0,1,2,Salaried,55283.0,16491.0,653.0,0,Poor,7.764960612437806,7.567772961262895,2018,8,15,2,False,False,True,True,False,False,Medium,0,Q1,2,2018,0.2983014669970877,22.333333333333332,27696.783
526,369,0.407,2021-12-04,31.0,1,4,Self-Employed,75398.0,33764.0,540.0,1,Good,7.3661567128259815,9.671994928181356,2021,12,4,5,True,False,False,False,False,True,Medium,0,Q2,2,2021,0.4478102867450065,30.75,30686.985999999997
527,20,0.348,2018-07-10,32.0,0,3,Self-Employed,73947.0,88332.0,806.0,1,Average,6.493851156724494,6.669765960978302,2018,7,10,1,False,False,True,False,False,True,Medium,0,Q2,2,2018,1.1945312183050023,1.6666666666666667,25733.555999999997
528,354,0.237,2020-10-15,46.0,1,3,Self-Employed,96159.0,63481.0,889.0,0,Good,7.343136870477764,6.773694980888486,2020,10,15,3,False,False,True,False,True,False,Medium,0,Q2,0,2020,0.6601670150479935,29.5,22789.682999999997
529,435,0.001,2021-05-28,48.0,0,2,Unemployed,112576.0,50451.0,798.0,1,Average,7.442720574514918,8.978510716633023,2021,5,28,4,False,False,False,False,False,False,High,1,Q3,0,2021,0.4481505827174531,36.25,112.57600000000001
530,79,0.9,2021-06-06,35.0,0,1,Salaried,51903.0,74394.0,612.0,0,Average,4.29922462747321,8.705136604595877,2021,6,6,6,False,False,True,False,False,False,Medium,0,Q1,2,2021,1.4333275533206173,6.583333333333333,46712.700000000004
531,274,0.17,2023-01-26,48.0,0,2,Unemployed,95463.0,68863.0,435.0,0,Poor,4.559521367640036,6.065922714202673,2023,1,26,3,False,True,False,True,False,False,Medium,0,Q2,0,2023,0.7213580130521773,22.833333333333332,16228.710000000001
532,169,0.399,2018-04-11,29.0,1,1,Self-Employed,186362.0,73543.0,494.0,0,Poor,7.754705767219187,8.74062323193249,2018,4,11,2,False,False,True,False,True,False,High,1,Q4,1,2018,0.39462444060484436,14.083333333333334,74358.43800000001
533,139,0.23,2019-03-24,57.0,1,1,Self-Employed,64056.0,57394.0,595.0,1,Poor,6.113582222656916,7.646559465887323,2019,3,24,6,False,False,True,True,False,False,Medium,0,Q2,2,2019,0.8959972524041464,11.583333333333334,14732.880000000001
534,323,0.756,2020-03-24,41.0,1,4,Self-Employed,177854.0,86740.0,335.0,1,Poor,4.277136783022384,6.683496984785955,2020,3,24,1,True,False,False,False,False,True,High,1,Q4,1,2020,0.487703397168464,26.916666666666668,134457.624
535,305,0.097,2021-04-15,60.0,0,3,Unemployed,39996.0,9113.0,398.0,1,Poor,4.6510951695399445,7.206097298630645,2021,4,15,3,False,True,False,False,False,True,Low,0,Q1,2,2021,0.22784778477847784,25.416666666666668,3879.612
536,498,0.641,2018-01-02,53.0,0,4,Salaried,123168.0,76498.0,561.0,0,Poor,6.335342440214452,7.587971323306984,2018,1,2,1,True,False,False,False,False,True,High,1,Q3,0,2018,0.6210866458820473,41.5,78950.688
537,36,0.079,2021-06-15,44.0,0,4,Salaried,87815.0,93510.0,803.0,1,Average,5.68821195126425,9.0196342294808,2021,6,15,1,True,False,False,False,False,False,Medium,0,Q2,0,2021,1.0648522461993966,3.0,6937.385
538,162,0.394,2020-10-10,58.0,0,1,Self-Employed,62053.0,26430.0,508.0,0,Good,5.361632997744762,11.664246971975231,2020,10,10,5,False,False,False,False,False,False,Medium,0,Q1,2,2020,0.4259262243565984,13.5,24448.882
539,253,0.536,2021-12-11,39.0,1,2,Self-Employed,61966.0,33924.0,430.0,1,Poor,7.748490896398534,11.930911437029945,2021,12,11,5,False,True,False,True,False,False,Medium,0,Q1,2,2021,0.5474615111512765,21.083333333333332,33213.776000000005
540,413,0.572,2022-08-09,46.0,0,1,Self-Employed,162156.0,70164.0,401.0,0,Average,4.137394981873998,11.660721043550058,2022,8,9,1,False,False,False,False,True,False,High,1,Q4,1,2022,0.4326944423888108,34.416666666666664,92753.23199999999
541,19,0.904,2019-08-25,30.0,0,2,Unemployed,113219.0,72647.0,538.0,1,Poor,6.550888343868151,6.553971126767356,2019,8,25,6,False,True,False,False,False,False,High,1,Q3,0,2019,0.6416502530493998,1.5833333333333333,102349.97600000001
542,266,0.558,2018-11-04,60.0,0,2,Self-Employed,22312.0,79077.0,459.0,0,Good,5.66787089167646,9.110387460006987,2018,11,4,6,False,True,False,True,False,False,Low,0,Q1,2,2018,3.5441466475439225,22.166666666666668,12450.096000000001
543,449,0.323,2019-03-08,56.0,1,2,Self-Employed,50765.0,14948.0,718.0,0,Poor,5.027956181088594,10.958988209451867,2019,3,8,4,False,False,True,False,True,False,Medium,0,Q1,2,2019,0.29445484093371416,37.416666666666664,16397.095
544,330,0.603,2019-05-17,33.0,0,1,Unemployed,65896.0,26003.0,829.0,1,Good,7.188245547437443,11.876069353353422,2019,5,17,4,False,False,False,False,True,False,Medium,0,Q2,2,2019,0.394606652907612,27.5,39735.288
545,423,0.546,2020-06-14,23.0,1,2,Self-Employed,68374.0,71910.0,342.0,0,Average,4.733027661352751,9.043420018932085,2020,6,14,6,False,False,False,False,True,False,Medium,0,Q2,2,2020,1.051715564395823,35.25,37332.204000000005
546,362,0.554,2022-12-13,31.0,0,3,Self-Employed,37192.0,12139.0,830.0,1,Poor,4.917060511080125,8.813104834984902,2022,12,13,1,False,True,False,True,False,False,Low,0,Q1,2,2022,0.3263873951387395,30.166666666666668,20604.368000000002
547,471,0.258,2022-11-18,63.0,0,4,Self-Employed,159242.0,28365.0,468.0,1,Poor,4.384726784079202,7.847669561926432,2022,11,18,4,False,False,True,False,False,False,High,1,Q4,1,2022,0.17812511774531845,39.25,41084.436
548,130,0.906,2020-04-22,35.0,1,3,Self-Employed,157549.0,38700.0,878.0,0,Poor,7.1449648935357155,10.33260829559179,2020,4,22,2,False,False,False,True,False,False,High,1,Q4,1,2020,0.24563786504516055,10.833333333333334,142739.394
549,444,0.012,2022-10-18,31.0,0,3,Salaried,199789.0,78003.0,791.0,1,Average,6.417652353659028,10.496263937475756,2022,10,18,1,True,False,False,True,False,False,High,1,Q4,1,2022,0.3904269003799008,37.0,2397.468
550,419,0.385,2022-12-10,69.0,1,1,Unemployed,31849.0,6749.0,533.0,1,Poor,6.100813112154366,6.770218718223197,2022,12,10,5,False,False,True,True,False,False,Low,0,Q1,2,2022,0.21190618229771735,34.916666666666664,12261.865
551,115,0.087,2021-12-26,22.0,1,2,Self-Employed,143308.0,39819.0,747.0,0,Average,4.483502118957069,9.250492404536882,2021,12,26,6,True,False,False,True,False,False,High,1,Q3,1,2021,0.2778560861919781,9.583333333333334,12467.795999999998
552,27,0.526,2021-08-06,58.0,1,4,Self-Employed,117619.0,43678.0,335.0,0,Average,6.571591062939167,9.71444003735714,2021,8,6,4,False,False,False,True,False,False,High,1,Q3,0,2021,0.3713515673488127,2.25,61867.594000000005
553,55,0.853,2020-10-18,30.0,1,2,Self-Employed,68351.0,65250.0,559.0,0,Good,5.677135969622938,6.9701458347480045,2020,10,18,6,False,False,False,True,False,False,Medium,0,Q2,2,2020,0.9546312416789805,4.583333333333333,58303.403
554,162,0.027,2018-12-09,68.0,0,2,Salaried,178359.0,34738.0,480.0,1,Good,4.529380701790151,7.4184459546791715,2018,12,9,6,True,False,False,False,False,False,High,1,Q4,1,2018,0.19476449183949227,13.5,4815.693
555,60,0.896,2022-11-24,63.0,0,4,Self-Employed,137088.0,81999.0,850.0,0,Poor,4.995346802255382,7.050088168226629,2022,11,24,3,True,False,False,False,False,True,High,1,Q3,0,2022,0.5981486344537815,5.0,122830.848
556,477,0.289,2020-12-06,30.0,1,2,Unemployed,34762.0,25734.0,675.0,1,Average,7.325881403385765,6.66823864913354,2020,12,6,6,False,False,True,False,False,False,Low,0,Q1,2,2020,0.7402911224900753,39.75,10046.217999999999
557,384,0.613,2018-05-05,23.0,1,2,Self-Employed,186680.0,62800.0,413.0,0,Poor,6.547318765340538,8.63918088361898,2018,5,5,5,False,True,False,False,False,True,High,1,Q4,1,2018,0.33640454253267627,32.0,114434.84
558,259,0.348,2019-05-22,34.0,1,3,Unemployed,58857.0,77424.0,350.0,0,Average,6.961906532603509,9.810789899972411,2019,5,22,2,False,False,False,True,False,False,Medium,0,Q1,2,2019,1.3154595035424843,21.583333333333332,20482.235999999997
559,475,0.256,2020-06-26,29.0,0,4,Self-Employed,162355.0,47283.0,508.0,1,Average,7.309481231657505,10.250762738226625,2020,6,26,4,True,False,False,False,False,True,High,1,Q4,1,2020,0.2912321764035601,39.583333333333336,41562.88
560,313,0.023,2019-12-26,39.0,1,3,Unemployed,39338.0,33075.0,589.0,0,Good,6.630204731944605,9.108253752469663,2019,12,26,3,False,False,True,False,False,True,Low,0,Q1,2,2019,0.8407900757537241,26.083333333333332,904.774
561,358,0.1,2019-07-09,23.0,0,4,Salaried,32172.0,97239.0,528.0,1,Good,5.207493853512961,6.73769189786062,2019,7,9,1,False,False,True,True,False,False,Low,0,Q1,2,2019,3.022472957851548,29.833333333333332,3217.2000000000003
562,456,0.555,2022-07-30,41.0,1,3,Self-Employed,154621.0,79916.0,436.0,1,Average,5.296227796915034,11.999282007500373,2022,7,30,5,False,False,True,True,False,False,High,1,Q4,1,2022,0.5168508805401595,38.0,85814.65500000001
563,242,0.953,2020-04-19,29.0,1,2,Salaried,64283.0,49938.0,576.0,0,Poor,6.362937974207627,6.701872963025574,2020,4,19,6,False,False,True,True,False,False,Medium,0,Q2,2,2020,0.7768461335034146,20.166666666666668,61261.699
564,215,0.819,2022-01-22,52.0,1,4,Self-Employed,98044.0,21310.0,887.0,0,Good,7.98771615232455,8.856424410241784,2022,1,22,5,True,False,False,False,False,False,Medium,0,Q2,0,2022,0.2173513932520093,17.916666666666668,80298.036
565,81,0.77,2022-08-15,59.0,0,4,Salaried,160135.0,99509.0,544.0,1,Average,6.080069347496288,7.725666091415019,2022,8,15,0,False,True,False,False,False,False,High,1,Q4,1,2022,0.6214069378961501,6.75,123303.95
566,164,0.033,2019-12-21,22.0,0,3,Salaried,51312.0,71196.0,454.0,1,Poor,5.1322341822407225,8.299024584647867,2019,12,21,5,True,False,False,True,False,False,Medium,0,Q1,2,2019,1.387511693171188,13.666666666666666,1693.296
567,268,0.682,2020-07-14,68.0,0,1,Salaried,144796.0,69604.0,561.0,1,Good,4.05336362295943,11.273705109816708,2020,7,14,1,False,False,True,False,True,False,High,1,Q3,1,2020,0.480703886847703,22.333333333333332,98750.872
568,489,0.986,2021-12-16,48.0,1,2,Unemployed,152707.0,60139.0,482.0,0,Poor,5.109554821290928,9.023547515713261,2021,12,16,3,True,False,False,True,False,False,High,1,Q3,1,2021,0.39381953675993897,40.75,150569.10199999998
569,96,0.697,2021-11-25,56.0,1,4,Self-Employed,187456.0,30647.0,876.0,0,Poor,4.840232313032974,11.989053784338562,2021,11,25,3,False,False,False,False,True,False,High,1,Q4,1,2021,0.16348903209286447,8.0,130656.832
570,112,0.993,2019-01-15,64.0,1,1,Self-Employed,21407.0,27053.0,533.0,1,Good,7.47738275220099,9.069413311814891,2019,1,15,1,True,False,False,False,False,False,Low,0,Q1,2,2019,1.2637455038071659,9.333333333333334,21257.151
571,262,0.892,2021-04-03,67.0,0,4,Unemployed,51985.0,52184.0,856.0,0,Average,7.949149301748065,8.50294371883237,2021,4,3,5,False,False,False,False,False,False,Medium,0,Q1,2,2021,1.0038280273155717,21.833333333333332,46370.62
572,248,0.431,2018-01-18,28.0,1,1,Unemployed,25036.0,42674.0,875.0,1,Good,5.200855314207754,8.83008617097308,2018,1,18,3,False,True,False,False,False,False,Low,0,Q1,2,2018,1.7045055120626298,20.666666666666668,10790.516
573,353,0.235,2023-02-04,37.0,0,4,Self-Employed,127473.0,59282.0,588.0,1,Poor,4.827974026124968,9.721925266652864,2023,2,4,5,False,False,False,False,False,False,High,1,Q3,0,2023,0.4650553450534623,29.416666666666668,29956.155
574,83,0.304,2022-10-04,62.0,0,3,Self-Employed,199198.0,6220.0,630.0,0,Poor,4.296161888873003,7.520304355226052,2022,10,4,1,False,False,True,True,False,False,High,1,Q4,1,2022,0.031225213104549242,6.916666666666667,60556.191999999995
575,358,0.073,2023-03-02,34.0,0,2,Unemployed,133153.0,92834.0,817.0,0,Average,6.461910245482432,10.249036825078019,2023,3,2,3,False,False,False,False,False,False,High,1,Q3,0,2023,0.6971979602412263,29.833333333333332,9720.169
576,491,0.335,2020-02-16,58.0,0,1,Salaried,94098.0,20338.0,477.0,0,Poor,7.185615902589632,8.794149216071766,2020,2,16,6,True,False,False,False,True,False,Medium,0,Q2,0,2020,0.21613636846691747,40.916666666666664,31522.83
577,435,0.42,2020-02-08,23.0,1,2,Self-Employed,136473.0,89367.0,596.0,1,Average,6.403753802097734,10.068849822285678,2020,2,8,5,False,False,False,False,False,False,High,1,Q3,0,2020,0.6548328240750918,36.25,57318.659999999996
578,483,0.342,2018-01-26,38.0,1,1,Unemployed,193190.0,25619.0,325.0,0,Good,4.675664774157955,9.0292338238812,2018,1,26,4,False,False,False,True,False,False,High,1,Q4,1,2018,0.1326103835602257,40.25,66070.98000000001
579,373,0.3,2018-10-21,31.0,1,3,Unemployed,51607.0,8446.0,835.0,1,Poor,5.739504703861625,11.096357040646211,2018,10,21,6,False,False,True,True,False,False,Medium,0,Q1,2,2018,0.16365996860890963,31.083333333333332,15482.099999999999
580,324,0.795,2020-09-16,34.0,0,4,Salaried,75609.0,35256.0,419.0,1,Average,4.084816883367072,9.134822272123374,2020,9,16,2,False,True,False,False,False,False,Medium,0,Q2,2,2020,0.46629369519501646,27.0,60109.155000000006
581,182,0.178,2018-07-31,62.0,0,3,Unemployed,47256.0,41691.0,860.0,1,Average,4.585630813248887,6.10893511876264,2018,7,31,1,False,True,False,False,False,True,Low,0,Q1,2,2018,0.8822371762315896,15.166666666666666,8411.568
582,329,0.473,2021-04-19,39.0,0,4,Self-Employed,85999.0,53276.0,826.0,0,Good,6.037587406077055,6.593074355663193,2021,4,19,0,True,False,False,True,False,False,Medium,0,Q2,0,2021,0.619495575529948,27.416666666666668,40677.526999999995
583,118,0.489,2019-10-30,50.0,0,4,Unemployed,91982.0,17739.0,647.0,0,Good,7.500976624839234,11.45789102351566,2019,10,30,2,False,True,False,False,False,False,Medium,0,Q2,0,2019,0.19285294949011764,9.833333333333334,44979.198
584,184,0.044,2023-01-25,31.0,0,1,Unemployed,41980.0,69629.0,888.0,0,Good,4.713165974380265,9.05525721528111,2023,1,25,2,False,False,True,False,False,False,Low,0,Q1,2,2023,1.6586231538828013,15.333333333333334,1847.12
585,469,0.157,2021-03-05,33.0,1,4,Self-Employed,128888.0,14617.0,356.0,1,Average,7.939511999136027,11.674367045518744,2021,3,5,4,True,False,False,False,False,False,High,1,Q3,0,2021,0.11340854074855689,39.083333333333336,20235.416
586,323,0.233,2022-02-16,64.0,0,1,Self-Employed,113230.0,77559.0,777.0,1,Good,7.997928647727895,7.496809750555579,2022,2,16,2,False,True,False,False,False,False,High,1,Q3,0,2022,0.6849686478848361,26.916666666666668,26382.59
587,276,0.683,2021-05-17,36.0,0,4,Salaried,47165.0,80119.0,545.0,0,Average,6.0910420987389085,8.256398928512784,2021,5,17,0,True,False,False,False,False,True,Low,0,Q1,2,2021,1.6986960669988338,23.0,32213.695000000003
588,113,0.406,2021-09-18,39.0,1,1,Self-Employed,153593.0,65358.0,894.0,0,Poor,7.034669530441397,9.035225604116704,2021,9,18,5,False,False,False,True,False,False,High,1,Q3,1,2021,0.42552720501585356,9.416666666666666,62358.758
589,457,0.162,2019-02-04,22.0,1,2,Self-Employed,124660.0,8818.0,835.0,1,Average,4.02478601929278,10.470390560312023,2019,2,4,0,False,False,False,False,True,False,High,1,Q3,0,2019,0.07073640301620407,38.083333333333336,20194.920000000002
590,253,0.224,2018-08-31,55.0,1,3,Salaried,115007.0,39599.0,829.0,1,Average,7.125322245124705,9.715195966741383,2018,8,31,4,True,False,False,True,False,False,High,1,Q3,0,2018,0.34431817193736036,21.083333333333332,25761.568
591,124,0.324,2018-07-12,31.0,1,1,Unemployed,125022.0,52690.0,395.0,0,Good,7.462227053929613,10.457438795714625,2018,7,12,3,False,False,True,False,False,True,High,1,Q3,0,2018,0.4214458255347059,10.333333333333334,40507.128000000004
592,483,0.279,2021-02-01,49.0,0,1,Self-Employed,175201.0,73370.0,879.0,0,Poor,6.3338743777095905,6.590632664843816,2021,2,1,0,False,True,False,False,True,False,High,1,Q4,1,2021,0.41877614853796497,40.25,48881.079000000005
593,177,0.478,2020-10-26,62.0,0,4,Salaried,35144.0,41316.0,816.0,1,Average,7.006127382130424,8.919548531803851,2020,10,26,0,True,False,False,False,False,True,Low,0,Q1,2,2020,1.1756203050307308,14.75,16798.832
594,303,0.854,2018-08-18,68.0,0,1,Salaried,165885.0,36388.0,331.0,1,Good,7.482276621066924,6.850929801896421,2018,8,18,5,False,False,False,False,False,True,High,1,Q4,1,2018,0.21935678331374145,25.25,141665.79
595,232,0.635,2022-10-04,26.0,0,4,Unemployed,54064.0,58519.0,896.0,1,Average,5.806184547916308,9.617630756030966,2022,10,4,1,False,False,True,False,True,False,Medium,0,Q1,2,2022,1.0824023379698136,19.333333333333332,34330.64
596,89,0.004,2018-07-18,21.0,1,4,Self-Employed,181988.0,26743.0,584.0,1,Good,7.491165509333353,7.362520670012512,2018,7,18,2,True,False,False,False,True,False,High,1,Q4,1,2018,0.1469492494010594,7.416666666666667,727.952
597,273,0.782,2019-04-01,52.0,0,3,Self-Employed,123829.0,18804.0,477.0,0,Poor,6.1654809220933835,10.228821467613297,2019,4,1,0,False,False,False,True,False,False,High,1,Q3,0,2019,0.15185457364591493,22.75,96834.278
598,333,0.365,2022-09-10,69.0,0,2,Self-Employed,74917.0,96436.0,895.0,1,Good,4.625154732212245,6.20575451482914,2022,9,10,5,True,False,False,True,False,False,Medium,0,Q2,2,2022,1.287237876583419,27.75,27344.704999999998
599,261,0.872,2021-06-01,41.0,1,1,Self-Employed,165642.0,92566.0,307.0,1,Average,4.49136794084157,7.616101974367137,2021,6,1,1,False,False,True,False,True,False,High,1,Q4,1,2021,0.5588316972748457,21.75,144439.824
600,45,0.696,2022-01-08,25.0,0,1,Salaried,141337.0,68310.0,556.0,0,Good,6.083914810005339,7.2103638503241605,2022,1,8,5,False,False,False,True,False,False,High,1,Q3,1,2022,0.48331293291919314,3.75,98370.552
601,124,0.78,2022-11-06,37.0,0,3,Salaried,180686.0,60648.0,421.0,1,Good,6.355633022870194,9.574868266444565,2022,11,6,6,False,False,True,False,False,True,High,1,Q4,1,2022,0.335654118193994,10.333333333333334,140935.08000000002
602,138,0.193,2021-09-24,61.0,1,1,Unemployed,112193.0,88316.0,425.0,0,Poor,7.7917794814749,11.219930765112222,2021,9,24,4,False,False,True,False,False,False,High,1,Q3,0,2021,0.7871792357811984,11.5,21653.249
603,159,0.212,2021-08-20,56.0,0,2,Salaried,188826.0,48651.0,328.0,0,Poor,4.998270413313339,9.31273377093558,2021,8,20,4,True,False,False,False,False,True,High,1,Q4,1,2021,0.2576498999078517,13.25,40031.112
604,76,0.634,2019-12-16,47.0,1,3,Unemployed,90796.0,13893.0,768.0,0,Good,6.700683120568124,6.562649674587272,2019,12,16,0,True,False,False,False,False,True,Medium,0,Q2,0,2019,0.15301334860566546,6.333333333333333,57564.664000000004
605,441,0.89,2022-09-20,48.0,1,3,Unemployed,142469.0,96251.0,314.0,1,Average,4.153742871342607,8.66023872792352,2022,9,20,1,False,False,False,False,True,False,High,1,Q3,1,2022,0.6755925850535907,36.75,126797.41
606,45,0.222,2021-04-25,62.0,1,4,Self-Employed,119516.0,42666.0,603.0,0,Average,7.77342662195881,10.481004501232686,2021,4,25,6,False,False,True,False,True,False,High,1,Q3,0,2021,0.3569898590983634,3.75,26532.552
607,139,0.29,2019-10-08,48.0,0,3,Unemployed,130550.0,16096.0,438.0,1,Good,7.756998554527204,9.952820377538503,2019,10,8,1,False,False,True,False,False,False,High,1,Q3,0,2019,0.12329375718115665,11.583333333333334,37859.5
608,249,0.285,2020-09-28,43.0,0,3,Self-Employed,139356.0,21575.0,654.0,1,Good,5.633388701582648,8.746329688365321,2020,9,28,0,False,False,True,False,False,False,High,1,Q3,0,2020,0.15481931169092109,20.75,39716.46
609,177,0.628,2020-03-05,66.0,1,2,Unemployed,189812.0,52257.0,885.0,0,Good,7.4553188324798185,10.936457521345588,2020,3,5,3,True,False,False,False,False,True,High,1,Q4,1,2020,0.2753092533664889,14.75,119201.936
610,312,0.075,2019-04-24,22.0,0,3,Salaried,167323.0,33895.0,614.0,0,Good,5.517024330218836,9.418310732877956,2019,4,24,2,True,False,False,False,False,True,High,1,Q4,1,2019,0.2025722703991681,26.0,12549.225
611,41,0.543,2021-08-07,55.0,0,1,Self-Employed,51800.0,53158.0,310.0,1,Poor,4.915901848263182,7.2267339911538375,2021,8,7,5,False,False,False,False,False,True,Medium,0,Q1,2,2021,1.0262162162162163,3.4166666666666665,28127.4
612,413,0.266,2021-02-06,58.0,1,4,Unemployed,167307.0,90389.0,699.0,0,Poor,7.7598996880249365,11.24156428429074,2021,2,6,5,False,False,True,False,False,False,High,1,Q4,1,2021,0.540258327505723,34.416666666666664,44503.662000000004
613,293,0.75,2022-11-27,53.0,0,3,Unemployed,35177.0,47134.0,442.0,1,Good,7.294556276569068,9.086234486761487,2022,11,27,6,False,False,False,False,False,True,Low,0,Q1,2,2022,1.3399096000227422,24.416666666666668,26382.75
614,487,0.136,2023-05-16,56.0,1,3,Self-Employed,24316.0,80719.0,348.0,0,Average,7.05313626010228,11.976437959591225,2023,5,16,1,False,False,True,False,False,True,Low,0,Q1,2,2023,3.319583813127159,40.583333333333336,3306.976
615,307,0.626,2018-09-04,52.0,1,4,Unemployed,20039.0,43959.0,534.0,0,Poor,4.321580845119074,6.266483945178932,2018,9,4,1,False,False,False,False,False,True,Low,0,Q1,2,2018,2.1936723389390687,25.583333333333332,12544.414
616,469,0.714,2021-05-16,49.0,0,4,Salaried,95971.0,50108.0,745.0,0,Good,5.306169514269512,9.234440407354995,2021,5,16,6,False,False,True,False,True,False,Medium,0,Q2,0,2021,0.522116055891884,39.083333333333336,68523.294
617,18,0.558,2018-09-19,67.0,1,4,Self-Employed,35198.0,18526.0,439.0,0,Poor,5.116785148860293,11.737341831210887,2018,9,19,2,False,False,True,False,False,True,Low,0,Q1,2,2018,0.5263367236774816,1.5,19640.484
618,144,0.021,2021-06-11,35.0,0,1,Unemployed,27895.0,21224.0,519.0,1,Poor,7.002802273717702,9.397640651496973,2021,6,11,4,True,False,False,False,True,False,Low,0,Q1,2,2021,0.7608531994981179,12.0,585.7950000000001
619,391,0.07,2022-03-02,38.0,1,2,Salaried,104200.0,45022.0,434.0,1,Good,6.027177488676935,9.917675876184186,2022,3,2,2,False,False,False,False,False,True,High,1,Q2,0,2022,0.4320729366602687,32.583333333333336,7294.000000000001
620,236,0.068,2022-02-14,30.0,1,4,Salaried,58489.0,22241.0,702.0,1,Poor,7.832319698269089,6.071800105994499,2022,2,14,0,False,False,False,True,False,False,Medium,0,Q1,2,2022,0.38025953598112466,19.666666666666668,3977.2520000000004
621,76,0.888,2023-04-02,28.0,0,2,Self-Employed,92040.0,53674.0,590.0,1,Average,7.976322331769721,6.128871641856365,2023,4,2,6,False,False,False,True,False,False,Medium,0,Q2,0,2023,0.5831594958713603,6.333333333333333,81731.52
622,479,0.588,2021-08-11,33.0,1,3,Unemployed,124411.0,75360.0,706.0,0,Poor,5.100853892032337,8.500713218766652,2021,8,11,2,True,False,False,False,True,False,High,1,Q3,0,2021,0.6057342196429576,39.916666666666664,73153.66799999999
623,384,0.421,2021-11-06,36.0,0,1,Self-Employed,43711.0,87453.0,821.0,1,Poor,6.00427144941245,7.423286766830888,2021,11,6,5,False,True,False,True,False,False,Low,0,Q1,2,2021,2.000709203632953,32.0,18402.331
624,280,0.038,2019-10-24,33.0,0,1,Unemployed,134404.0,88222.0,530.0,0,Poor,7.369097763290005,9.371110235817838,2019,10,24,3,True,False,False,False,False,False,High,1,Q3,0,2019,0.656394154935865,23.333333333333332,5107.352
625,85,0.13,2020-10-13,26.0,1,2,Self-Employed,123973.0,39951.0,847.0,0,Good,7.643396989752472,7.090333160033291,2020,10,13,1,False,False,False,False,True,False,High,1,Q3,0,2020,0.32225565244045073,7.083333333333333,16116.49
626,159,0.058,2018-01-21,30.0,1,2,Unemployed,191911.0,9474.0,695.0,1,Average,7.875190805203696,7.455449437677874,2018,1,21,6,True,False,False,False,True,False,High,1,Q4,1,2018,0.049366633491566406,13.25,11130.838
627,477,0.917,2020-08-11,57.0,0,2,Self-Employed,29563.0,30530.0,301.0,1,Good,5.464926161999172,7.655766148427105,2020,8,11,1,False,False,True,True,False,False,Low,0,Q1,2,2020,1.0327098061766398,39.75,27109.271
628,420,0.679,2019-06-04,52.0,0,4,Unemployed,126247.0,27992.0,524.0,1,Poor,6.060451295123361,8.73866517814548,2019,6,4,1,False,True,False,False,True,False,High,1,Q3,0,2019,0.22172408057221163,35.0,85721.713
629,274,0.276,2018-05-06,23.0,1,1,Self-Employed,107420.0,39332.0,758.0,1,Good,5.4367877609338535,9.081831344335814,2018,5,6,6,False,True,False,False,False,True,High,1,Q2,0,2018,0.36615155464531746,22.833333333333332,29647.920000000002
630,440,0.958,2020-11-05,57.0,1,4,Unemployed,101680.0,74761.0,876.0,0,Poor,6.388945590540464,10.443360902039629,2020,11,5,3,True,False,False,False,False,False,High,1,Q2,0,2020,0.7352576711250983,36.666666666666664,97409.44
631,57,0.548,2020-10-31,39.0,0,4,Self-Employed,74794.0,6702.0,786.0,0,Good,5.943291944655119,6.849831886413815,2020,10,31,5,True,False,False,False,False,True,Medium,0,Q2,2,2020,0.08960611813781855,4.75,40987.112
632,13,0.356,2022-04-25,23.0,1,1,Salaried,196573.0,88231.0,606.0,1,Poor,4.990342742693128,8.987577969089035,2022,4,25,0,True,False,False,False,True,False,High,1,Q4,1,2022,0.44884597579525165,1.0833333333333333,69979.988
633,258,0.404,2021-09-26,60.0,0,4,Self-Employed,105942.0,36212.0,555.0,1,Poor,4.434608398777831,6.760172236734652,2021,9,26,6,False,True,False,True,False,False,High,1,Q2,0,2021,0.34180966944177005,21.5,42800.568
634,223,0.701,2020-09-21,38.0,0,3,Salaried,148072.0,58738.0,354.0,0,Poor,4.391198985875084,6.022001610260225,2020,9,21,0,True,False,False,False,False,True,High,1,Q3,1,2020,0.396685396293695,18.583333333333332,103798.472
635,230,0.34,2021-03-22,68.0,1,1,Self-Employed,76552.0,21709.0,668.0,1,Good,7.167062016287366,9.613196060024915,2021,3,22,0,False,False,True,False,False,True,Medium,0,Q2,2,2021,0.28358501410805725,19.166666666666668,26027.68
636,307,0.693,2020-07-04,64.0,1,1,Self-Employed,125926.0,74371.0,359.0,1,Good,6.1762691075105,6.954012165362052,2020,7,4,5,True,False,False,False,False,True,High,1,Q3,0,2020,0.5905928878865365,25.583333333333332,87266.718
637,267,0.537,2018-05-17,51.0,1,2,Unemployed,79463.0,33942.0,668.0,0,Good,4.185636503929464,8.971959543313334,2018,5,17,3,True,False,False,False,False,False,Medium,0,Q2,2,2018,0.42714219196355535,22.25,42671.631
638,489,0.959,2019-03-11,38.0,1,2,Salaried,195558.0,58701.0,806.0,1,Good,5.640360888960162,8.47906866165991,2019,3,11,0,True,False,False,False,False,False,High,1,Q4,1,2019,0.30017181603411774,40.75,187540.122
639,114,0.171,2021-08-20,38.0,1,1,Salaried,107734.0,76135.0,383.0,0,Good,5.854341225312728,9.377589398524291,2021,8,20,4,False,False,True,False,False,False,High,1,Q2,0,2021,0.7066942655057827,9.5,18422.514000000003
640,72,0.528,2021-10-14,28.0,1,1,Unemployed,142159.0,67205.0,310.0,1,Poor,5.657382490138451,10.935840090099605,2021,10,14,3,False,False,True,True,False,False,High,1,Q3,1,2021,0.4727453063119465,6.0,75059.952
641,413,0.357,2019-05-20,55.0,0,4,Self-Employed,154750.0,62468.0,445.0,1,Average,4.390456917999771,6.410199238129119,2019,5,20,0,True,False,False,False,False,False,High,1,Q4,1,2019,0.403670436187399,34.416666666666664,55245.75
642,249,0.946,2019-04-21,37.0,1,3,Self-Employed,109055.0,40552.0,497.0,1,Average,4.808951190616715,7.2529149193623,2019,4,21,6,False,False,True,False,True,False,High,1,Q2,0,2019,0.37184906698454906,20.75,103166.03
643,180,0.147,2022-05-02,46.0,0,3,Self-Employed,96324.0,46985.0,497.0,1,Good,4.7202357619276345,11.013473825147168,2022,5,2,0,True,False,False,False,False,True,Medium,0,Q2,0,2022,0.48778082305552095,15.0,14159.627999999999
644,226,0.013,2018-05-28,43.0,1,2,Unemployed,186385.0,75364.0,735.0,0,Good,5.571665078424724,8.917207678517478,2018,5,28,0,False,False,True,True,False,False,High,1,Q4,1,2018,0.40434584328137996,18.833333333333332,2423.005
645,85,0.979,2022-09-25,25.0,0,4,Salaried,86335.0,70199.0,504.0,1,Poor,6.709215990118224,8.681492724475863,2022,9,25,6,True,False,False,False,False,True,Medium,0,Q2,0,2022,0.8131001332020618,7.083333333333333,84521.965
646,440,0.355,2018-10-27,25.0,1,3,Unemployed,71606.0,31829.0,882.0,0,Good,6.975980448978703,9.908311963473238,2018,10,27,5,False,True,False,False,False,True,Medium,0,Q2,2,2018,0.44450185738625253,36.666666666666664,25420.129999999997
647,207,0.088,2022-01-29,63.0,0,2,Self-Employed,52186.0,57899.0,420.0,0,Poor,4.466248087007653,11.528632932650684,2022,1,29,5,False,True,False,True,False,False,Medium,0,Q1,2,2022,1.1094738052351205,17.25,4592.3679999999995
648,283,0.955,2022-10-17,61.0,1,3,Salaried,132384.0,54397.0,709.0,0,Average,7.824575763684895,11.014753566264634,2022,10,17,0,True,False,False,False,True,False,High,1,Q3,0,2022,0.4109031302876481,23.583333333333332,126426.72
649,202,0.998,2020-11-12,60.0,0,4,Self-Employed,122419.0,26470.0,465.0,1,Average,6.303095822728004,9.5086706289594,2020,11,12,3,False,False,True,False,False,False,High,1,Q3,0,2020,0.2162246056576185,16.833333333333332,122174.162
650,161,0.536,2022-04-07,27.0,0,4,Self-Employed,20981.0,65851.0,633.0,1,Good,7.89770613817832,7.457217876336357,2022,4,7,3,False,True,False,False,False,True,Low,0,Q1,2,2022,3.138601591916496,13.416666666666666,11245.816
651,33,0.408,2020-04-18,37.0,0,3,Self-Employed,88071.0,12553.0,743.0,0,Good,6.567811025743041,10.30802609579945,2020,4,18,5,True,False,False,False,False,True,Medium,0,Q2,0,2020,0.14253272927524382,2.75,35932.968
652,29,0.453,2018-09-15,52.0,0,4,Self-Employed,52021.0,6123.0,508.0,1,Good,5.304176004356718,8.670603127183654,2018,9,15,5,True,False,False,False,False,False,Medium,0,Q1,2,2018,0.11770246631168182,2.4166666666666665,23565.513
653,100,0.096,2021-12-04,60.0,0,2,Salaried,146221.0,87687.0,840.0,0,Good,5.094639467211875,8.441811499904535,2021,12,4,5,False,False,False,False,True,False,High,1,Q3,1,2021,0.5996881432899515,8.333333333333334,14037.216
654,428,0.313,2022-09-25,26.0,1,4,Self-Employed,141690.0,26435.0,821.0,1,Good,6.155997241882849,9.442235488538483,2022,9,25,6,False,False,True,True,False,False,High,1,Q3,1,2022,0.18656927094360928,35.666666666666664,44348.97
655,266,0.63,2020-03-03,22.0,0,3,Unemployed,136552.0,33984.0,577.0,0,Poor,4.960504961340089,8.43788550355936,2020,3,3,1,False,False,False,False,False,False,High,1,Q3,0,2020,0.24887222450055657,22.166666666666668,86027.76
656,471,0.234,2021-12-20,57.0,1,1,Unemployed,20597.0,14213.0,672.0,1,Good,5.348597989786867,7.775549781718791,2021,12,20,0,False,False,True,False,False,False,Low,0,Q1,2,2021,0.6900519493130067,39.25,4819.698
657,397,0.44,2019-04-08,22.0,0,4,Unemployed,172301.0,91630.0,641.0,0,Good,6.931627222114048,7.998769050117246,2019,4,8,0,False,False,False,False,True,False,High,1,Q4,1,2019,0.5318019048061242,33.083333333333336,75812.44
658,208,0.992,2021-09-25,60.0,1,3,Unemployed,180210.0,90357.0,682.0,0,Average,7.913536694465824,7.5651525202991055,2021,9,25,5,False,True,False,False,True,False,High,1,Q4,1,2021,0.5013983685700016,17.333333333333332,178768.32
659,280,0.986,2022-09-02,25.0,1,2,Self-Employed,116029.0,78015.0,318.0,0,Average,5.041321400280973,8.198037400057615,2022,9,2,4,False,False,False,False,False,True,High,1,Q3,0,2022,0.6723750096958518,23.333333333333332,114404.594
660,441,0.043,2018-02-04,26.0,0,4,Self-Employed,167840.0,74431.0,653.0,0,Poor,6.989774473056656,7.412902493996219,2018,2,4,6,True,False,False,False,True,False,High,1,Q4,1,2018,0.44346401334604385,36.75,7217.119999999999
661,21,0.875,2022-03-24,35.0,0,4,Self-Employed,134389.0,35352.0,574.0,1,Average,4.917556253785417,10.012866103079391,2022,3,24,3,False,False,False,False,False,False,High,1,Q3,0,2022,0.26305724426850413,1.75,117590.375
662,264,0.627,2020-05-20,38.0,1,3,Salaried,158823.0,36167.0,871.0,0,Poor,7.768737444663946,9.735483491577117,2020,5,20,2,False,True,False,True,False,False,High,1,Q4,1,2020,0.2277189072111722,22.0,99582.021
663,91,0.647,2020-11-28,66.0,1,3,Salaried,180548.0,20293.0,899.0,0,Average,5.922989628781872,11.245047911130976,2020,11,28,5,False,True,False,False,True,False,High,1,Q4,1,2020,0.11239670336974102,7.583333333333333,116814.556
664,231,0.445,2020-05-01,66.0,0,2,Self-Employed,111100.0,43757.0,479.0,0,Good,6.306819718237065,11.197756499629378,2020,5,1,4,True,False,False,False,False,False,High,1,Q2,0,2020,0.39385238523852384,19.25,49439.5
665,47,0.785,2019-04-10,28.0,1,2,Salaried,57067.0,47589.0,475.0,0,Good,7.6276332878063275,9.751624319106352,2019,4,10,2,False,True,False,False,True,False,Medium,0,Q1,2,2019,0.8339145215273275,3.9166666666666665,44797.595
666,25,0.036,2020-12-27,57.0,0,4,Salaried,171153.0,15476.0,316.0,1,Good,6.562617366739799,6.473774851193493,2020,12,27,6,False,True,False,True,False,False,High,1,Q4,1,2020,0.09042202006391942,2.0833333333333335,6161.508
667,451,0.881,2019-09-08,29.0,0,2,Unemployed,33150.0,28753.0,862.0,0,Poor,4.754356043589453,8.624426042871807,2019,9,8,6,True,False,False,False,True,False,Low,0,Q1,2,2019,0.8673604826546003,37.583333333333336,29205.15
668,291,0.454,2019-01-04,62.0,0,1,Salaried,97880.0,77935.0,642.0,0,Poor,7.586909973686518,11.423335366724334,2019,1,4,4,False,True,False,False,False,False,Medium,0,Q2,0,2019,0.7962300776460972,24.25,44437.520000000004
669,23,0.552,2019-03-30,63.0,1,1,Salaried,141081.0,67836.0,429.0,0,Poor,7.334393356659248,6.914894305383794,2019,3,30,5,False,False,False,True,False,False,High,1,Q3,1,2019,0.4808301613966445,1.9166666666666667,77876.712
670,215,0.57,2022-03-07,55.0,0,1,Self-Employed,170228.0,29344.0,895.0,0,Poor,7.940004184121898,9.58221235684805,2022,3,7,0,True,False,False,False,True,False,High,1,Q4,1,2022,0.17238057193881148,17.916666666666668,97029.95999999999
671,369,0.994,2020-03-18,68.0,0,4,Self-Employed,93371.0,46849.0,481.0,1,Good,7.635427105672652,11.813646753188348,2020,3,18,2,False,False,False,False,False,False,Medium,0,Q2,0,2020,0.5017510790288205,30.75,92810.774
672,45,0.104,2020-03-03,66.0,0,2,Salaried,167924.0,51990.0,689.0,0,Good,7.569598631055319,11.002523695462909,2020,3,3,1,True,False,False,False,False,True,High,1,Q4,1,2020,0.30960434482265786,3.75,17464.095999999998
673,462,0.997,2020-03-29,55.0,1,2,Salaried,29655.0,40515.0,595.0,1,Average,5.602342084771827,7.349102145507043,2020,3,29,6,False,False,True,False,False,True,Low,0,Q1,2,2020,1.3662114314618108,38.5,29566.035
674,149,0.867,2018-08-20,39.0,0,1,Salaried,186258.0,82542.0,646.0,1,Average,4.094839847249399,11.156995155665783,2018,8,20,0,True,False,False,True,False,False,High,1,Q4,1,2018,0.44315948845150277,12.416666666666666,161485.686
675,308,0.896,2022-01-02,69.0,1,3,Self-Employed,136037.0,54805.0,897.0,1,Poor,7.036294467026792,6.147081044286629,2022,1,2,6,True,False,False,True,False,False,High,1,Q3,0,2022,0.4028683372905901,25.666666666666668,121889.152
676,115,0.508,2023-03-01,65.0,0,3,Salaried,91053.0,13050.0,644.0,1,Poor,6.287608917293101,9.95698384761776,2023,3,1,2,False,False,False,False,False,False,Medium,0,Q2,0,2023,0.1433231195018286,9.583333333333334,46254.924
677,21,0.124,2020-03-31,45.0,0,1,Salaried,128109.0,88585.0,434.0,0,Good,5.324155668522601,10.959519605196554,2020,3,31,1,False,True,False,False,False,False,High,1,Q3,0,2020,0.6914814728083116,1.75,15885.516
678,479,0.562,2022-10-02,38.0,0,3,Self-Employed,104594.0,87255.0,460.0,0,Average,7.380590274250105,11.634007892397609,2022,10,2,6,False,True,False,False,False,False,High,1,Q2,0,2022,0.8342256726007228,39.916666666666664,58781.82800000001
679,128,0.576,2019-03-30,26.0,1,3,Salaried,31620.0,17980.0,569.0,0,Average,7.168710997804769,11.234523632912278,2019,3,30,5,True,False,False,False,False,False,Low,0,Q1,2,2019,0.5686274509803921,10.666666666666666,18213.12
680,319,0.755,2021-01-11,66.0,0,1,Unemployed,73074.0,96791.0,848.0,0,Average,7.77493433977494,9.855656175950028,2021,1,11,0,False,False,False,True,False,False,Medium,0,Q2,2,2021,1.3245614035087718,26.583333333333332,55170.87
681,78,0.741,2023-02-15,22.0,0,3,Self-Employed,156887.0,51453.0,897.0,1,Good,4.965055177440329,9.815356738225624,2023,2,15,2,True,False,False,False,False,False,High,1,Q4,1,2023,0.32796216385041466,6.5,116253.26699999999
682,405,0.162,2022-09-07,21.0,0,3,Unemployed,95626.0,46442.0,825.0,0,Poor,4.515630665947793,6.573181808487865,2022,9,7,2,False,False,True,False,True,False,Medium,0,Q2,0,2022,0.4856628950285487,33.75,15491.412
683,303,0.85,2018-09-06,55.0,0,4,Self-Employed,88452.0,68134.0,473.0,0,Good,7.7393466054888105,6.966108399690638,2018,9,6,3,False,False,True,True,False,False,Medium,0,Q2,0,2018,0.7702934925157148,25.25,75184.2
684,65,0.029,2018-12-10,46.0,1,2,Salaried,44543.0,34587.0,569.0,0,Poor,7.888041436654559,10.838579616272323,2018,12,10,0,False,True,False,False,False,True,Low,0,Q1,2,2018,0.7764856430864557,5.416666666666667,1291.747
685,278,0.699,2020-11-29,39.0,0,2,Self-Employed,54181.0,24595.0,306.0,1,Average,6.750627682763061,10.337514483806565,2020,11,29,6,False,False,False,False,True,False,Medium,0,Q1,2,2020,0.4539414185784685,23.166666666666668,37872.519
686,163,0.998,2020-09-08,69.0,0,1,Salaried,80769.0,78687.0,889.0,0,Average,7.232961483350355,7.241494035752652,2020,9,8,1,False,False,True,False,False,False,Medium,0,Q2,0,2020,0.9742227834936671,13.583333333333334,80607.462
687,318,0.979,2020-07-21,64.0,0,4,Unemployed,186103.0,38472.0,368.0,0,Good,6.822203433475984,6.459358120836306,2020,7,21,1,False,False,False,False,True,False,High,1,Q4,1,2020,0.2067242333546477,26.5,182194.837
688,39,0.164,2018-01-03,42.0,1,3,Self-Employed,118030.0,71938.0,699.0,0,Good,7.131239819565909,9.917225594629944,2018,1,3,2,True,False,False,False,False,True,High,1,Q3,0,2018,0.6094891129373888,3.25,19356.920000000002
689,97,0.303,2019-10-10,26.0,0,3,Self-Employed,174825.0,92540.0,760.0,1,Poor,7.326307310318162,8.698238839240739,2019,10,10,3,False,False,True,False,False,False,High,1,Q4,1,2019,0.5293293293293293,8.083333333333334,52971.975
690,366,0.622,2022-11-21,34.0,1,2,Unemployed,54826.0,92656.0,347.0,1,Good,4.483909578158682,10.974146787213144,2022,11,21,0,False,False,False,False,True,False,Medium,0,Q1,2,2022,1.6900010943712838,30.5,34101.772
691,191,0.362,2021-07-23,47.0,1,2,Salaried,194649.0,90800.0,889.0,0,Good,7.172281748343755,11.24374855296134,2021,7,23,4,False,True,False,False,True,False,High,1,Q4,1,2021,0.46648069088461797,15.916666666666666,70462.938
692,407,0.814,2021-06-02,41.0,1,4,Salaried,70528.0,10833.0,815.0,0,Good,5.130601459279836,9.074006749842175,2021,6,2,2,False,True,False,False,False,True,Medium,0,Q2,2,2021,0.15359857078039926,33.916666666666664,57409.791999999994
693,211,0.447,2022-06-16,62.0,0,1,Unemployed,136503.0,23314.0,708.0,1,Average,4.8169129813565075,7.261609301688543,2022,6,16,3,False,False,False,False,False,False,High,1,Q3,0,2022,0.17079478106708276,17.583333333333332,61016.841
694,300,0.45,2023-04-06,21.0,0,1,Self-Employed,160599.0,52041.0,773.0,0,Poor,4.536371336165275,11.84805191990342,2023,4,6,3,False,True,False,False,False,False,High,1,Q4,1,2023,0.32404311359348437,25.0,72269.55
695,494,0.589,2021-07-25,37.0,1,3,Self-Employed,193131.0,21274.0,434.0,0,Average,4.72140137433159,9.037698672560774,2021,7,25,6,False,False,False,False,False,True,High,1,Q4,1,2021,0.11015321206849236,41.166666666666664,113754.159
696,400,0.82,2020-03-27,63.0,0,2,Salaried,93735.0,51506.0,811.0,1,Poor,7.1546579180075325,10.87504479430621,2020,3,27,4,False,False,False,False,True,False,Medium,0,Q2,0,2020,0.5494852509734891,33.333333333333336,76862.7
697,259,0.121,2020-10-09,53.0,1,3,Self-Employed,176275.0,91673.0,568.0,1,Good,6.366630459813457,8.990204564186786,2020,10,9,4,False,False,True,False,False,True,High,1,Q4,1,2020,0.520056729541909,21.583333333333332,21329.274999999998
698,223,0.012,2019-10-25,36.0,1,4,Unemployed,181388.0,13679.0,510.0,0,Poor,4.762981372681621,9.369994969891167,2019,10,25,4,True,False,False,False,False,True,High,1,Q4,1,2019,0.0754129269852471,18.583333333333332,2176.656
699,350,0.931,2021-09-20,60.0,0,2,Unemployed,175279.0,18878.0,326.0,1,Average,5.179702617644349,7.500974774484536,2021,9,20,0,False,False,True,False,False,True,High,1,Q4,1,2021,0.10770257703432813,29.166666666666668,163184.749
700,358,0.312,2022-08-20,30.0,1,4,Unemployed,134714.0,88457.0,497.0,0,Good,4.639774259036887,11.946746546889772,2022,8,20,5,False,False,True,True,False,False,High,1,Q3,0,2022,0.6566281158602669,29.833333333333332,42030.768
701,159,0.612,2019-01-28,45.0,0,4,Self-Employed,103018.0,24685.0,866.0,0,Good,5.94453000457953,10.078304032738243,2019,1,28,0,False,False,True,False,True,False,High,1,Q2,0,2019,0.23961831912869597,13.25,63047.015999999996
702,267,0.263,2018-09-20,35.0,1,3,Self-Employed,75973.0,79271.0,764.0,0,Good,5.025895209814577,9.401986915553932,2018,9,20,3,False,False,True,False,False,True,Medium,0,Q2,2,2018,1.0434101588722309,22.25,19980.899
703,124,0.307,2022-01-18,39.0,0,2,Self-Employed,30541.0,64796.0,398.0,0,Good,5.068393197974984,6.681631404044946,2022,1,18,1,False,True,False,False,False,True,Low,0,Q1,2,2022,2.1216070200713792,10.333333333333334,9376.087
704,462,0.292,2023-01-01,55.0,1,3,Salaried,61924.0,16666.0,872.0,0,Good,5.674655924726836,7.5810900872913844,2023,1,1,6,True,False,False,False,False,False,Medium,0,Q1,2,2023,0.2691363607002132,38.5,18081.807999999997
705,13,0.108,2020-02-02,59.0,0,3,Salaried,158548.0,71250.0,793.0,0,Average,4.630799452668008,11.670336688539168,2020,2,2,6,False,True,False,False,False,False,High,1,Q4,1,2020,0.44939072079118,1.0833333333333333,17123.184
706,203,0.254,2022-12-31,33.0,0,1,Unemployed,128212.0,68959.0,333.0,0,Good,5.627041286667428,10.660262422556634,2022,12,31,5,True,False,False,False,False,False,High,1,Q3,0,2022,0.5378513711665055,16.916666666666668,32565.848
707,311,0.08,2022-12-25,59.0,0,4,Self-Employed,21570.0,37107.0,494.0,1,Average,5.487039181861369,8.158442646661205,2022,12,25,6,False,False,True,False,False,True,Low,0,Q1,2,2022,1.720305980528512,25.916666666666668,1725.6000000000001
708,59,0.394,2023-05-13,47.0,1,4,Unemployed,26988.0,87018.0,857.0,1,Poor,5.098229255508022,11.543602664922664,2023,5,13,5,True,False,False,True,False,False,Low,0,Q1,2,2023,3.2243219208537126,4.916666666666667,10633.272
709,300,0.561,2018-10-12,63.0,1,4,Self-Employed,88512.0,13820.0,844.0,1,Average,7.921524287801246,10.667771822525305,2018,10,12,4,False,True,False,False,False,True,Medium,0,Q2,0,2018,0.15613702096890816,25.0,49655.232
710,66,0.994,2022-02-07,32.0,0,1,Unemployed,81236.0,30533.0,896.0,1,Good,4.770496261384539,9.281304743661297,2022,2,7,0,False,True,False,False,True,False,Medium,0,Q2,0,2022,0.37585553203013444,5.5,80748.584
711,189,0.369,2020-09-15,58.0,1,2,Salaried,44897.0,92384.0,803.0,0,Poor,4.329417410731035,6.250034684992366,2020,9,15,1,False,False,False,False,True,False,Low,0,Q1,2,2020,2.0576875960531886,15.75,16566.993
712,499,0.181,2021-09-16,25.0,1,4,Unemployed,141055.0,44509.0,408.0,1,Average,6.91318236568331,7.249494439428375,2021,9,16,3,False,True,False,False,False,False,High,1,Q3,1,2021,0.31554358229059587,41.583333333333336,25530.954999999998
713,112,0.808,2018-09-05,35.0,0,1,Salaried,26558.0,52750.0,610.0,0,Good,7.920180408676149,8.305540429135323,2018,9,5,2,False,True,False,True,False,False,Low,0,Q1,2,2018,1.9862188417802544,9.333333333333334,21458.864
714,306,0.445,2021-06-14,64.0,0,1,Salaried,51087.0,70485.0,363.0,1,Poor,7.439404586160299,11.276516738824053,2021,6,14,0,True,False,False,False,False,False,Medium,0,Q1,2,2021,1.3797052087615245,25.5,22733.715
715,229,0.128,2018-08-31,57.0,1,3,Self-Employed,92258.0,87050.0,741.0,0,Average,7.655744011293187,9.998157767873039,2018,8,31,4,False,True,False,False,False,True,Medium,0,Q2,0,2018,0.9435496108738538,19.083333333333332,11809.024
716,247,0.28,2021-04-25,36.0,0,2,Unemployed,71038.0,26199.0,747.0,0,Good,5.525499708040112,6.510308264656635,2021,4,25,6,False,False,False,False,False,False,Medium,0,Q2,2,2021,0.368802612686168,20.583333333333332,19890.640000000003
717,373,0.103,2020-08-18,33.0,1,4,Salaried,168981.0,24873.0,612.0,0,Good,7.316039119083202,11.7182317086348,2020,8,18,1,False,False,True,False,False,True,High,1,Q4,1,2020,0.1471940632378788,31.083333333333332,17405.042999999998
718,138,0.683,2023-02-20,48.0,0,3,Self-Employed,197564.0,75750.0,560.0,0,Good,4.747372424432488,10.898776410703864,2023,2,20,0,False,True,False,False,False,True,High,1,Q4,1,2023,0.3834200562855581,11.5,134936.212
719,96,0.982,2019-04-11,37.0,0,1,Self-Employed,140602.0,65114.0,654.0,1,Good,4.5766523803338135,8.08583541792505,2019,4,11,3,False,False,True,True,False,False,High,1,Q3,0,2019,0.4631086328786219,8.0,138071.164
720,257,0.736,2022-08-15,36.0,0,2,Unemployed,193063.0,36373.0,312.0,0,Good,6.02818115055158,8.946994981025338,2022,8,15,0,False,False,True,True,False,False,High,1,Q4,1,2022,0.1883996415677784,21.416666666666668,142094.368
721,16,0.723,2021-07-16,47.0,0,1,Unemployed,134539.0,20932.0,597.0,0,Good,5.089782304993758,6.301922604243309,2021,7,16,4,True,False,False,False,True,False,High,1,Q3,0,2021,0.1555831394614201,1.3333333333333333,97271.697
722,238,0.296,2018-03-12,23.0,1,4,Self-Employed,164535.0,10706.0,704.0,0,Good,4.532933876218302,10.440267175513513,2018,3,12,0,False,True,False,False,True,False,High,1,Q4,1,2018,0.06506822256662716,19.833333333333332,48702.36
723,44,0.705,2023-05-29,65.0,1,2,Salaried,130685.0,35602.0,544.0,1,Average,6.233160360115164,11.232754189985286,2023,5,29,0,False,True,False,True,False,False,High,1,Q3,0,2023,0.2724260626697785,3.6666666666666665,92132.92499999999
724,189,0.762,2018-10-22,60.0,0,3,Salaried,65133.0,87527.0,394.0,1,Good,4.603124421144442,7.421948028154021,2018,10,22,0,False,True,False,True,False,False,Medium,0,Q2,2,2018,1.3438195691891974,15.75,49631.346
725,190,0.786,2018-10-07,31.0,0,1,Self-Employed,163405.0,8991.0,622.0,1,Poor,6.755703768005479,6.302651027552398,2018,10,7,6,False,True,False,False,False,False,High,1,Q4,1,2018,0.055022796120069765,15.833333333333334,128436.33
726,242,0.332,2022-06-12,34.0,1,3,Unemployed,68428.0,49374.0,637.0,0,Good,7.891479438175812,6.484343283924185,2022,6,12,6,True,False,False,False,False,False,Medium,0,Q2,2,2022,0.7215467352545741,20.166666666666668,22718.096
727,269,0.412,2023-01-29,54.0,1,4,Self-Employed,70043.0,16265.0,580.0,0,Poor,4.104802860858063,10.507027565903833,2023,1,29,6,False,True,False,True,False,False,Medium,0,Q2,2,2023,0.23221449680910297,22.416666666666668,28857.715999999997
728,194,0.421,2021-02-01,49.0,0,4,Salaried,24645.0,96912.0,801.0,1,Average,7.744336438349583,8.605032222412444,2021,2,1,0,False,False,False,False,False,False,Low,0,Q1,2,2021,3.932318928788801,16.166666666666668,10375.545
729,120,0.546,2020-02-22,53.0,0,1,Unemployed,96999.0,75054.0,580.0,1,Poor,7.144875651163128,8.442306501738567,2020,2,22,5,False,False,False,False,False,False,Medium,0,Q2,0,2020,0.7737605542325179,10.0,52961.454000000005
730,432,0.183,2019-03-10,44.0,1,3,Salaried,142277.0,89029.0,812.0,0,Average,7.8488773316458165,8.236583439961857,2019,3,10,6,False,False,True,False,True,False,High,1,Q3,1,2019,0.6257441469808894,36.0,26036.691
731,454,0.94,2020-05-27,26.0,0,2,Unemployed,169223.0,22719.0,796.0,0,Average,6.768572790180126,8.983771980776735,2020,5,27,2,True,False,False,True,False,False,High,1,Q4,1,2020,0.13425479987944902,37.833333333333336,159069.62
732,302,0.812,2020-11-16,49.0,1,2,Self-Employed,185703.0,65711.0,868.0,1,Poor,6.674797268209173,10.651272946128898,2020,11,16,0,False,False,False,True,False,False,High,1,Q4,1,2020,0.35384996472862584,25.166666666666668,150790.836
733,18,0.569,2018-02-02,43.0,0,1,Self-Employed,47558.0,65938.0,822.0,0,Average,5.905477450906044,10.317367916640404,2018,2,2,4,True,False,False,False,False,True,Low,0,Q1,2,2018,1.3864754615416965,1.5,27060.501999999997
734,446,0.598,2021-09-18,29.0,0,2,Self-Employed,133814.0,81537.0,478.0,0,Average,5.052955286227359,10.262821789148056,2021,9,18,5,False,False,True,False,True,False,High,1,Q3,0,2021,0.6093308622416189,37.166666666666664,80020.772
735,70,0.181,2022-08-12,45.0,1,1,Salaried,132075.0,55546.0,597.0,1,Average,7.209584946752903,6.664736996972107,2022,8,12,4,False,False,False,False,False,False,High,1,Q3,0,2022,0.4205640734431194,5.833333333333333,23905.575
736,72,0.822,2022-01-02,30.0,1,1,Self-Employed,22248.0,16504.0,373.0,0,Poor,4.658802571787302,10.349605812484349,2022,1,2,6,False,False,False,True,False,False,Low,0,Q1,2,2022,0.7418194893923049,6.0,18287.856
737,227,0.43,2021-08-21,62.0,1,4,Salaried,96786.0,97262.0,305.0,1,Average,5.5020869010677345,11.839696491743616,2021,8,21,5,False,False,True,False,True,False,Medium,0,Q2,0,2021,1.004918066662534,18.916666666666668,41617.979999999996
738,209,0.67,2022-04-11,26.0,1,1,Unemployed,40012.0,53756.0,777.0,0,Poor,7.665860307803799,11.448538028874113,2022,4,11,0,False,False,False,True,False,False,Low,0,Q1,2,2022,1.3434969509147257,17.416666666666668,26808.04
739,144,0.135,2019-10-10,36.0,1,4,Self-Employed,94858.0,7395.0,601.0,0,Good,6.837237848640131,11.591603082247737,2019,10,10,3,False,False,False,False,False,True,Medium,0,Q2,0,2019,0.07795863290391954,12.0,12805.830000000002
740,185,0.743,2019-11-04,21.0,0,3,Salaried,158493.0,22684.0,438.0,0,Good,4.4738218762275705,8.642891797784614,2019,11,4,0,False,False,False,False,True,False,High,1,Q4,1,2019,0.1431230401342646,15.416666666666666,117760.299
741,74,0.987,2021-10-11,61.0,0,2,Unemployed,107409.0,75651.0,842.0,0,Average,5.8621309374694786,7.5009612332796,2021,10,11,0,False,False,False,False,False,True,High,1,Q2,0,2021,0.7043264530905231,6.166666666666667,106012.683
742,91,0.447,2018-08-29,25.0,0,1,Unemployed,97574.0,76549.0,671.0,0,Good,5.257687950490207,8.02619857834675,2018,8,29,2,False,True,False,False,False,True,Medium,0,Q2,0,2018,0.7845225162440814,7.583333333333333,43615.578
743,240,0.668,2022-01-04,55.0,1,2,Self-Employed,129371.0,12265.0,760.0,0,Average,4.228768238484479,10.497852323271811,2022,1,4,1,True,False,False,False,False,True,High,1,Q3,0,2022,0.09480486353201259,20.0,86419.82800000001
744,318,0.938,2022-05-07,44.0,1,1,Unemployed,136770.0,7135.0,303.0,1,Poor,4.5238141313614655,7.065378990001055,2022,5,7,5,False,False,False,False,False,True,High,1,Q3,0,2022,0.05216787307158002,26.5,128290.26
745,22,0.954,2022-10-01,26.0,1,3,Self-Employed,43621.0,36675.0,838.0,0,Poor,6.933523678298343,7.772280673445623,2022,10,1,5,False,False,False,False,False,False,Low,0,Q1,2,2022,0.8407647692625112,1.8333333333333333,41614.434
746,278,0.83,2021-06-03,67.0,1,4,Salaried,170900.0,72619.0,713.0,1,Poor,4.613700734597186,9.832046907727413,2021,6,3,3,False,False,False,False,False,True,High,1,Q4,1,2021,0.4249210064365126,23.166666666666668,141847.0
747,322,0.499,2022-07-31,46.0,0,1,Unemployed,28890.0,83391.0,316.0,0,Good,4.743420959572688,11.218903463186972,2022,7,31,6,False,False,False,False,False,True,Low,0,Q1,2,2022,2.8865005192107995,26.833333333333332,14416.11
748,35,0.938,2023-03-18,39.0,0,1,Salaried,49974.0,50405.0,641.0,1,Average,6.567044937426641,6.298789087392279,2023,3,18,5,False,False,True,False,False,False,Low,0,Q1,2,2023,1.0086244847320607,2.9166666666666665,46875.611999999994
749,485,0.586,2018-11-10,56.0,0,2,Salaried,46371.0,60380.0,540.0,0,Good,5.161345951928407,10.745037911411899,2018,11,10,5,False,False,True,False,True,False,Low,0,Q1,2,2018,1.3021069202734468,40.416666666666664,27173.406
750,181,0.6,2018-04-09,22.0,0,3,Salaried,92145.0,24627.0,392.0,1,Good,4.542633256388088,10.112850790814623,2018,4,9,0,False,True,False,False,False,True,Medium,0,Q2,0,2018,0.26726355201041835,15.083333333333334,55287.0
751,445,0.378,2018-03-04,44.0,1,4,Self-Employed,141583.0,46344.0,823.0,0,Average,4.5481434441205995,6.673750544341571,2018,3,4,6,False,False,False,False,False,False,High,1,Q3,1,2018,0.32732743337830106,37.083333333333336,53518.374
752,112,0.433,2021-04-18,41.0,0,3,Unemployed,20659.0,90802.0,788.0,1,Average,4.0086702622495345,10.764850837081706,2021,4,18,6,True,False,False,True,False,False,Low,0,Q1,2,2021,4.395275666779612,9.333333333333334,8945.347
753,132,0.369,2023-02-12,52.0,0,2,Salaried,127795.0,74861.0,550.0,1,Good,7.116152582053099,11.182337080024817,2023,2,12,6,False,False,True,False,False,False,High,1,Q3,0,2023,0.5857897413826832,11.0,47156.354999999996
754,377,0.521,2023-02-14,39.0,0,2,Salaried,199528.0,94197.0,486.0,1,Good,5.791283652398969,8.815763310921401,2023,2,14,1,False,True,False,False,False,False,High,1,Q4,1,2023,0.47209915400344815,31.416666666666668,103954.088
755,371,0.128,2023-03-12,29.0,1,2,Salaried,106221.0,14374.0,358.0,0,Poor,6.599723273466589,9.719857827991213,2023,3,12,6,True,False,False,True,False,False,High,1,Q2,0,2023,0.13532164073017577,30.916666666666668,13596.288
756,320,0.298,2022-12-21,31.0,0,2,Unemployed,160111.0,17281.0,786.0,1,Good,4.974572443387287,9.871894319734716,2022,12,21,2,True,False,False,True,False,False,High,1,Q4,1,2022,0.10793137261025164,26.666666666666668,47713.078
757,143,0.834,2022-03-03,36.0,1,4,Self-Employed,170837.0,27609.0,723.0,0,Poor,6.224333005396036,10.483904837497134,2022,3,3,3,False,False,False,True,False,False,High,1,Q4,1,2022,0.16161018983007194,11.916666666666666,142478.058
758,443,0.866,2018-08-03,50.0,1,3,Salaried,58612.0,53244.0,612.0,1,Poor,7.975237719654068,9.452248586525442,2018,8,3,4,False,False,True,False,False,False,Medium,0,Q1,2,2018,0.9084146591141745,36.916666666666664,50757.992
759,223,0.726,2022-08-02,30.0,1,3,Unemployed,59806.0,11707.0,568.0,0,Good,5.691129697311494,8.158576516837426,2022,8,2,1,False,True,False,False,False,True,Medium,0,Q1,2,2022,0.19574959034210615,18.583333333333332,43419.155999999995
760,317,0.159,2022-07-15,55.0,0,2,Self-Employed,26589.0,99405.0,638.0,1,Average,7.156881394267622,7.141894037375021,2022,7,15,4,False,True,False,False,False,True,Low,0,Q1,2,2022,3.7385761028996956,26.416666666666668,4227.651
761,98,0.024,2022-01-30,48.0,1,1,Unemployed,67932.0,69895.0,471.0,0,Good,7.046180204924887,11.448348330005054,2022,1,30,6,False,False,False,False,True,False,Medium,0,Q2,2,2022,1.028896543602426,8.166666666666666,1630.368
762,79,0.708,2021-09-22,43.0,0,3,Unemployed,199358.0,46617.0,708.0,1,Poor,7.9268447019667345,10.044164636864753,2021,9,22,2,False,False,False,True,False,False,High,1,Q4,1,2021,0.23383561231553285,6.583333333333333,141145.46399999998
763,239,0.418,2020-12-08,21.0,1,1,Salaried,124089.0,36990.0,318.0,0,Average,7.955061708634623,6.2838372444288915,2020,12,8,1,True,False,False,True,False,False,High,1,Q3,0,2020,0.2980924981263448,19.916666666666668,51869.202
764,24,0.388,2021-07-28,59.0,0,1,Unemployed,100622.0,59042.0,812.0,1,Poor,7.9650155724892695,7.969242264438962,2021,7,28,2,False,False,False,True,False,False,High,1,Q2,0,2021,0.5867702888036413,2.0,39041.336
765,349,0.412,2018-04-05,68.0,0,3,Unemployed,149703.0,51136.0,718.0,1,Good,4.523362191788279,9.571249732877723,2018,4,5,3,False,False,True,False,False,True,High,1,Q3,1,2018,0.34158300100866384,29.083333333333332,61677.636
766,319,0.312,2018-07-31,21.0,1,3,Unemployed,58289.0,89214.0,399.0,1,Poor,7.08406357439198,6.585547095349873,2018,7,31,1,True,False,False,False,False,True,Medium,0,Q1,2,2018,1.530546072157697,26.583333333333332,18186.168
767,416,0.07,2022-09-09,59.0,1,1,Unemployed,29633.0,70269.0,521.0,1,Poor,7.213247574785518,9.353533630410134,2022,9,9,4,False,False,False,False,True,False,Low,0,Q1,2,2022,2.3713090135997033,34.666666666666664,2074.3100000000004
768,183,0.436,2023-04-10,26.0,1,2,Self-Employed,23937.0,38591.0,737.0,0,Poor,5.7214623821801975,11.12422421275248,2023,4,10,0,True,False,False,True,False,False,Low,0,Q1,2,2023,1.6121903329573464,15.25,10436.532
769,385,0.361,2018-01-01,21.0,1,3,Self-Employed,32855.0,14911.0,606.0,1,Poor,6.527705713002801,6.169037305288206,2018,1,1,0,False,True,False,True,False,False,Low,0,Q1,2,2018,0.453842641911429,32.083333333333336,11860.654999999999
770,303,0.23,2021-07-23,48.0,0,1,Unemployed,127272.0,15545.0,821.0,0,Average,7.813522616569424,9.229201130024038,2021,7,23,4,False,True,False,True,False,False,High,1,Q3,0,2021,0.12213998365704946,25.25,29272.56
771,52,0.696,2019-09-07,24.0,1,4,Self-Employed,57619.0,29976.0,369.0,1,Poor,7.1579355212659905,8.614762575441343,2019,9,7,5,True,False,False,False,False,False,Medium,0,Q1,2,2019,0.520245058053767,4.333333333333333,40102.824
772,95,0.719,2019-05-12,64.0,1,2,Self-Employed,142286.0,66123.0,363.0,1,Average,5.41781819711615,9.706353037630109,2019,5,12,6,False,True,False,True,False,False,High,1,Q3,1,2019,0.4647189463474973,7.916666666666667,102303.63399999999
773,314,0.546,2022-06-18,56.0,0,4,Salaried,108974.0,98599.0,536.0,0,Poor,6.956205051023349,11.950896470934113,2022,6,18,5,False,False,False,False,True,False,High,1,Q2,0,2022,0.9047938040266486,26.166666666666668,59499.804000000004
774,251,0.593,2021-03-18,36.0,1,4,Unemployed,112095.0,70883.0,617.0,0,Good,5.319049140970139,6.931107204915387,2021,3,18,3,False,False,True,True,False,False,High,1,Q3,0,2021,0.632347562335519,20.916666666666668,66472.33499999999
775,348,0.521,2020-03-10,38.0,0,3,Salaried,49191.0,96252.0,816.0,1,Poor,7.554357371182975,9.080398779649187,2020,3,10,1,False,True,False,False,False,False,Low,0,Q1,2,2020,1.956699396231018,29.0,25628.511000000002
776,31,0.411,2023-03-04,44.0,0,4,Unemployed,114345.0,36038.0,751.0,0,Poor,6.915868119222909,7.935249524674836,2023,3,4,5,True,False,False,False,False,True,High,1,Q3,0,2023,0.315169006078097,2.5833333333333335,46995.795
777,330,0.935,2019-10-01,65.0,0,4,Salaried,107468.0,87252.0,348.0,0,Average,6.79514624497288,8.59317120771404,2019,10,1,1,False,False,False,False,False,False,High,1,Q2,0,2019,0.8118881899728291,27.5,100482.58
778,25,0.733,2018-05-15,41.0,0,1,Unemployed,168769.0,46877.0,599.0,1,Poor,7.761358297606915,8.573449670218457,2018,5,15,1,False,False,False,True,False,False,High,1,Q4,1,2018,0.2777583560962025,2.0833333333333335,123707.677
779,277,0.567,2020-08-26,69.0,1,2,Self-Employed,108570.0,18702.0,884.0,1,Poor,6.84924174789783,11.402656016281586,2020,8,26,2,True,False,False,True,False,False,High,1,Q2,0,2020,0.17225752970433822,23.083333333333332,61559.189999999995
780,285,0.665,2021-11-06,69.0,0,1,Self-Employed,163906.0,90956.0,646.0,1,Good,5.086543374920893,9.060497034438786,2021,11,6,5,True,False,False,False,False,True,High,1,Q4,1,2021,0.5549278244847656,23.75,108997.49
781,415,0.15,2018-12-20,36.0,1,2,Unemployed,135363.0,64530.0,300.0,1,Good,7.955171033702177,10.087036134507413,2018,12,20,3,False,False,True,False,False,True,High,1,Q3,0,2018,0.4767181578422464,34.583333333333336,20304.45
782,195,0.148,2019-11-15,21.0,0,4,Salaried,31556.0,23915.0,867.0,0,Poor,7.512417045297072,11.130638342544488,2019,11,15,4,False,False,False,False,False,True,Low,0,Q1,2,2019,0.7578590442388136,16.25,4670.288
783,376,0.419,2020-04-16,55.0,1,2,Self-Employed,167769.0,76837.0,792.0,1,Good,6.336474660696955,9.289163717820106,2020,4,16,3,False,True,False,False,False,True,High,1,Q4,1,2020,0.457992835386752,31.333333333333332,70295.211
784,136,0.524,2019-11-25,40.0,1,4,Self-Employed,136060.0,42571.0,773.0,1,Average,4.608009209451268,8.564695904501628,2019,11,25,0,False,False,False,False,True,False,High,1,Q3,0,2019,0.31288402175510804,11.333333333333334,71295.44
785,15,0.898,2019-01-11,28.0,0,1,Unemployed,66029.0,12653.0,689.0,1,Average,7.4919458994258274,9.284406785307562,2019,1,11,4,False,True,False,False,False,True,Medium,0,Q2,2,2019,0.1916279210649866,1.25,59294.042
786,353,0.459,2020-12-30,29.0,0,1,Unemployed,116492.0,10591.0,568.0,1,Average,4.447257511970066,7.3365470828872255,2020,12,30,2,False,False,True,False,False,False,High,1,Q3,0,2020,0.09091611441129005,29.416666666666668,53469.828
787,426,0.674,2019-08-21,38.0,0,2,Salaried,121281.0,25769.0,714.0,0,Poor,5.742675820485176,11.394180248277852,2019,8,21,2,False,False,False,False,False,False,High,1,Q3,0,2019,0.21247351192684757,35.5,81743.394
788,201,0.524,2023-03-28,41.0,1,1,Self-Employed,111790.0,91947.0,336.0,0,Poor,5.663009048129235,9.262241454177552,2023,3,28,1,False,False,True,False,True,False,High,1,Q2,0,2023,0.8224975400304142,16.75,58577.96
789,458,0.054,2018-10-04,50.0,1,3,Unemployed,78432.0,18978.0,816.0,0,Average,4.164895377775833,10.484022247859068,2018,10,4,3,False,False,False,False,False,False,Medium,0,Q2,2,2018,0.24196756425948593,38.166666666666664,4235.3279999999995
790,451,0.523,2019-11-06,38.0,1,4,Self-Employed,24352.0,98363.0,385.0,1,Poor,6.366528341160702,10.407446508116358,2019,11,6,2,False,True,False,True,False,False,Low,0,Q1,2,2019,4.039216491458607,37.583333333333336,12736.096000000001
791,142,0.615,2022-06-28,32.0,0,4,Unemployed,49161.0,82174.0,487.0,1,Average,5.364439061017169,7.648331946077171,2022,6,28,1,False,False,True,False,True,False,Low,0,Q1,2,2022,1.671528243933199,11.833333333333334,30234.015
792,55,0.175,2022-06-01,58.0,0,3,Unemployed,129482.0,35252.0,517.0,1,Poor,4.970377968460699,10.894014572701105,2022,6,1,2,False,True,False,True,False,False,High,1,Q3,0,2022,0.27225405847917084,4.583333333333333,22659.35
793,440,0.279,2022-08-28,28.0,1,3,Unemployed,107001.0,8934.0,385.0,1,Poor,7.46797419930968,7.392310390476916,2022,8,28,6,False,False,True,False,False,True,High,1,Q2,0,2022,0.08349454677993663,36.666666666666664,29853.279000000002
794,422,0.523,2021-08-26,56.0,0,3,Unemployed,73632.0,54245.0,609.0,1,Good,5.938751889435882,8.644327580172138,2021,8,26,3,False,True,False,False,True,False,Medium,0,Q2,2,2021,0.7367041503694046,35.166666666666664,38509.536
795,499,0.956,2019-03-02,23.0,1,3,Self-Employed,131503.0,54162.0,629.0,1,Poor,4.427489449886733,9.387594610772252,2019,3,2,5,False,True,False,True,False,False,High,1,Q3,0,2019,0.41186893074682707,41.583333333333336,125716.86799999999
796,289,0.247,2019-12-02,58.0,0,4,Self-Employed,104562.0,97870.0,344.0,1,Good,4.43217917281992,9.962435988816123,2019,12,2,0,False,True,False,False,True,False,High,1,Q2,0,2019,0.9359996939614774,24.083333333333332,25826.814
797,498,0.207,2020-11-25,66.0,0,2,Unemployed,172796.0,50546.0,344.0,0,Good,5.026165526625287,8.05391655908693,2020,11,25,2,True,False,False,False,True,False,High,1,Q4,1,2020,0.2925183453320679,41.5,35768.772
798,86,0.984,2021-06-14,66.0,1,3,Salaried,75799.0,79706.0,879.0,1,Average,7.782015461340774,11.482281115525971,2021,6,14,0,False,False,True,False,True,False,Medium,0,Q2,2,2021,1.0515442156228973,7.166666666666667,74586.216
799,207,0.236,2021-02-17,52.0,0,2,Unemployed,163514.0,67264.0,775.0,1,Average,7.226678769222021,10.508134978918802,2021,2,17,2,False,True,False,True,False,False,High,1,Q4,1,2021,0.4113653876732268,17.25,38589.304
800,238,0.354,2020-10-30,60.0,0,2,Salaried,52698.0,52241.0,347.0,0,Average,7.825987183806763,7.580174570738899,2020,10,30,4,True,False,False,False,True,False,Medium,0,Q1,2,2020,0.9913279441345022,19.833333333333332,18655.092
801,167,0.57,2018-07-07,41.0,1,4,Salaried,48434.0,47148.0,720.0,1,Average,6.977603930672258,7.8264079023509785,2018,7,7,5,True,False,False,False,False,True,Low,0,Q1,2,2018,0.9734484040137094,13.916666666666666,27607.379999999997
802,135,0.733,2022-01-30,69.0,0,3,Salaried,166152.0,22851.0,807.0,1,Good,7.844381593412735,7.277397978493756,2022,1,30,6,False,False,True,False,False,True,High,1,Q4,1,2022,0.13753069478549762,11.25,121789.416
803,11,0.538,2018-07-02,43.0,1,1,Unemployed,40213.0,51155.0,342.0,0,Poor,5.300011245968897,9.393564806498182,2018,7,2,0,True,False,False,True,False,False,Low,0,Q1,2,2018,1.2721010618456718,0.9166666666666666,21634.594
804,233,0.754,2020-04-16,46.0,1,4,Self-Employed,114905.0,96002.0,754.0,1,Good,7.208583924695708,6.288635437699148,2020,4,16,3,False,False,True,False,False,True,High,1,Q3,0,2020,0.8354901875462338,19.416666666666668,86638.37
805,230,0.673,2020-03-13,43.0,1,2,Self-Employed,50064.0,33224.0,309.0,0,Good,5.991756243441495,10.448196652660464,2020,3,13,4,False,False,True,False,False,True,Medium,0,Q1,2,2020,0.6636305528922979,19.166666666666668,33693.072
806,233,0.166,2020-09-27,66.0,0,2,Unemployed,115093.0,69774.0,870.0,0,Good,5.135409271480015,10.819464570179042,2020,9,27,6,True,False,False,False,True,False,High,1,Q3,0,2020,0.6062401709921542,19.416666666666668,19105.438000000002
807,127,0.097,2022-03-22,56.0,0,2,Unemployed,171517.0,40502.0,757.0,1,Poor,5.517499755080559,6.094629729749552,2022,3,22,1,False,True,False,True,False,False,High,1,Q4,1,2022,0.23613985785665562,10.583333333333334,16637.149
808,323,0.51,2021-01-18,36.0,1,1,Salaried,36925.0,7614.0,454.0,0,Average,4.822378464649708,7.356806415612959,2021,1,18,0,False,True,False,False,False,True,Low,0,Q1,2,2021,0.20620176032498308,26.916666666666668,18831.75
809,385,0.39,2022-02-15,51.0,0,1,Unemployed,154227.0,67474.0,783.0,1,Poor,4.345347165929351,6.233964380165792,2022,2,15,1,False,False,True,True,False,False,High,1,Q4,1,2022,0.4374979737659424,32.083333333333336,60148.53
810,241,0.835,2019-12-26,49.0,0,1,Salaried,103424.0,16011.0,444.0,0,Poor,5.814420125106746,9.838488211620607,2019,12,26,3,True,False,False,True,False,False,High,1,Q2,0,2019,0.15480932858910892,20.083333333333332,86359.04
811,234,0.316,2020-03-15,58.0,1,3,Self-Employed,127279.0,79090.0,660.0,1,Good,7.491477833563309,7.646352741997122,2020,3,15,6,False,False,True,True,False,False,High,1,Q3,0,2020,0.621390802881858,19.5,40220.164
812,208,0.799,2023-03-26,65.0,0,4,Self-Employed,67695.0,35656.0,394.0,0,Average,7.016379146255723,8.669596052743255,2023,3,26,6,True,False,False,False,True,False,Medium,0,Q2,2,2023,0.5267154147278234,17.333333333333332,54088.305
813,456,0.031,2018-09-30,22.0,1,3,Self-Employed,115383.0,57483.0,522.0,1,Good,4.8006582843134336,11.338963555959431,2018,9,30,6,False,True,False,True,False,False,High,1,Q3,0,2018,0.4981929747016458,38.0,3576.873
814,41,0.228,2022-05-10,43.0,0,2,Self-Employed,61518.0,25283.0,410.0,0,Poor,5.535906185187054,8.559844558145619,2022,5,10,1,True,False,False,True,False,False,Medium,0,Q1,2,2022,0.4109854026463799,3.4166666666666665,14026.104000000001
815,195,0.35,2021-04-24,47.0,0,2,Self-Employed,91520.0,79053.0,434.0,1,Good,5.464770213128862,11.044728067630913,2021,4,24,5,False,False,True,False,False,False,Medium,0,Q2,0,2021,0.8637784090909091,16.25,32031.999999999996
816,353,0.369,2019-06-26,23.0,0,4,Self-Employed,158252.0,30300.0,582.0,1,Average,7.225207134373252,8.692462349232606,2019,6,26,2,False,False,True,False,True,False,High,1,Q4,1,2019,0.19146677451153857,29.416666666666668,58394.988
817,159,0.747,2019-11-16,22.0,0,4,Self-Employed,189277.0,73611.0,828.0,1,Average,4.878655591234885,8.90293981029198,2019,11,16,5,False,True,False,False,True,False,High,1,Q4,1,2019,0.3889062062479858,13.25,141389.919
818,48,0.011,2020-07-07,35.0,0,1,Self-Employed,100610.0,62430.0,435.0,1,Good,4.349700504527234,11.566146678895567,2020,7,7,1,False,False,True,False,True,False,High,1,Q2,0,2020,0.6205148593579167,4.0,1106.71
819,109,0.84,2018-09-16,30.0,1,1,Salaried,152179.0,45179.0,743.0,1,Good,4.990729300956993,9.39762458151126,2018,9,16,6,False,True,False,False,False,True,High,1,Q3,1,2018,0.296880647132653,9.083333333333334,127830.36
820,158,0.854,2020-01-15,56.0,1,2,Unemployed,153964.0,10364.0,660.0,0,Poor,5.674459963272111,7.986246049913986,2020,1,15,2,True,False,False,False,True,False,High,1,Q3,1,2020,0.06731443714114987,13.166666666666666,131485.256
821,254,0.618,2021-03-10,44.0,0,3,Unemployed,199320.0,22705.0,626.0,0,Good,6.851915284808209,8.124427094897198,2021,3,10,2,True,False,False,False,False,False,High,1,Q4,1,2021,0.11391230182620911,21.166666666666668,123179.76
822,485,0.567,2023-05-05,42.0,1,4,Salaried,83862.0,49127.0,715.0,1,Poor,6.281164018609343,8.822534452254851,2023,5,5,4,True,False,False,False,False,False,Medium,0,Q2,0,2023,0.5858076363549641,40.416666666666664,47549.75399999999
823,34,0.704,2019-12-27,30.0,0,3,Unemployed,171286.0,33577.0,706.0,0,Average,5.647458067108296,11.574949846153823,2019,12,27,4,False,False,False,False,True,False,High,1,Q4,1,2019,0.196028864005231,2.8333333333333335,120585.344
824,205,0.372,2021-10-09,62.0,0,2,Salaried,75917.0,66043.0,847.0,1,Good,5.649372448354388,9.900877714122753,2021,10,9,5,False,False,True,False,True,False,Medium,0,Q2,2,2021,0.869936904777586,17.083333333333332,28241.124
825,163,0.687,2022-06-22,28.0,0,4,Unemployed,32772.0,56266.0,493.0,1,Average,4.405543597169757,6.9587833663969105,2022,6,22,2,False,True,False,False,True,False,Low,0,Q1,2,2022,1.7168924691810081,13.583333333333334,22514.364
826,124,0.692,2022-08-23,59.0,1,2,Salaried,199168.0,13598.0,375.0,1,Good,7.496340605703347,10.705293064722076,2022,8,23,1,True,False,False,False,True,False,High,1,Q4,1,2022,0.06827401992287918,10.333333333333334,137824.256
827,115,0.451,2022-08-05,24.0,1,1,Salaried,170336.0,31155.0,579.0,1,Average,7.4987021637950555,7.064071721717255,2022,8,5,4,False,True,False,False,True,False,High,1,Q4,1,2022,0.18290320308096938,9.583333333333334,76821.53600000001
828,283,0.73,2022-03-24,31.0,0,1,Unemployed,129933.0,98789.0,801.0,1,Average,5.534358280755184,6.906153398474539,2022,3,24,3,False,False,False,True,False,False,High,1,Q3,0,2022,0.7603072352674071,23.583333333333332,94851.09
829,99,0.159,2022-12-21,62.0,1,3,Unemployed,191866.0,68817.0,372.0,1,Average,7.231939910835755,7.0327282912538935,2022,12,21,2,False,True,False,False,False,True,High,1,Q4,1,2022,0.3586721983050671,8.25,30506.694
830,295,0.37,2018-09-23,30.0,1,1,Self-Employed,52501.0,9946.0,386.0,0,Average,6.191167296609024,9.235301212264387,2018,9,23,6,True,False,False,False,False,False,Medium,0,Q1,2,2018,0.18944401059027446,24.583333333333332,19425.37
831,113,0.295,2021-09-06,60.0,0,3,Salaried,68347.0,89581.0,638.0,0,Average,5.195621938073241,10.244063257236796,2021,9,6,0,False,True,False,False,True,False,Medium,0,Q2,2,2021,1.3106793275491244,9.416666666666666,20162.364999999998
832,454,0.709,2022-07-17,43.0,0,4,Salaried,36369.0,82428.0,898.0,1,Poor,5.1159071219334376,10.801335644087855,2022,7,17,6,False,False,True,False,False,False,Low,0,Q1,2,2022,2.266435700734142,37.833333333333336,25785.621
833,31,0.777,2019-08-09,24.0,0,3,Salaried,65254.0,42753.0,895.0,0,Poor,6.008088775340387,7.433375274661811,2019,8,9,4,True,False,False,False,False,False,Medium,0,Q2,2,2019,0.6551782266221228,2.5833333333333335,50702.358
834,86,0.657,2022-05-08,49.0,1,3,Unemployed,164104.0,14560.0,525.0,1,Average,4.15459211925794,7.222034155765569,2022,5,8,6,False,False,True,False,False,True,High,1,Q4,1,2022,0.08872422366304294,7.166666666666667,107816.32800000001
835,414,0.067,2019-10-14,51.0,0,2,Salaried,175267.0,54112.0,442.0,0,Good,7.063896709779138,10.0547512283969,2019,10,14,0,False,True,False,False,True,False,High,1,Q4,1,2019,0.30874037896466533,34.5,11742.889000000001
836,274,0.29,2023-01-29,40.0,0,4,Self-Employed,53976.0,11150.0,865.0,1,Good,7.202988878535939,10.07797492856164,2023,1,29,6,False,False,True,False,True,False,Medium,0,Q1,2,2023,0.20657329183340745,22.833333333333332,15653.039999999999
837,155,0.53,2018-10-28,63.0,1,3,Self-Employed,133999.0,84606.0,323.0,1,Poor,5.775052905802418,9.16600912364403,2018,10,28,6,False,False,True,True,False,False,High,1,Q3,0,2018,0.6313927715878477,12.916666666666666,71019.47
838,439,0.651,2019-05-05,68.0,1,2,Self-Employed,151647.0,48034.0,390.0,1,Poor,5.079244751629527,10.154914711550116,2019,5,5,6,False,False,False,True,False,False,High,1,Q3,1,2019,0.3167487652245016,36.583333333333336,98722.197
839,216,0.708,2021-11-14,44.0,0,3,Self-Employed,37245.0,60032.0,660.0,1,Average,6.633995102411792,8.905407814173028,2021,11,14,6,False,True,False,False,False,False,Low,0,Q1,2,2021,1.611813666263928,18.0,26369.46
840,146,0.393,2018-02-09,62.0,0,2,Salaried,182025.0,19497.0,405.0,0,Poor,6.207722507605327,6.284944055435337,2018,2,9,4,True,False,False,False,True,False,High,1,Q4,1,2018,0.10711166048619696,12.166666666666666,71535.825
841,107,0.526,2019-12-05,67.0,0,2,Unemployed,121954.0,9133.0,573.0,1,Poor,7.797351300783365,9.642109413758478,2019,12,5,3,False,False,False,False,False,False,High,1,Q3,0,2019,0.07488889253325025,8.916666666666666,64147.804000000004
842,129,0.966,2022-09-14,45.0,1,2,Unemployed,157975.0,35310.0,405.0,0,Good,6.739475266329572,11.67203423406107,2022,9,14,2,False,False,True,True,False,False,High,1,Q4,1,2022,0.22351637917391992,10.75,152603.85
843,119,0.787,2023-04-20,53.0,0,3,Salaried,193101.0,97960.0,617.0,0,Good,4.093624062273578,9.007183177307809,2023,4,20,3,False,False,False,False,False,True,High,1,Q4,1,2023,0.507299288973128,9.916666666666666,151970.487
844,438,0.432,2021-04-04,59.0,0,4,Self-Employed,103702.0,7818.0,828.0,0,Average,5.147554344966796,11.22649095914686,2021,4,4,6,False,False,True,False,False,True,High,1,Q2,0,2021,0.07538909567800042,36.5,44799.264
845,119,0.953,2022-08-02,44.0,0,4,Self-Employed,22048.0,57193.0,563.0,1,Good,4.252374114661459,11.440428799162726,2022,8,2,1,False,False,False,False,False,False,Low,0,Q1,2,2022,2.5940221335268503,9.916666666666666,21011.744
846,115,0.957,2022-10-15,66.0,0,4,Salaried,77944.0,37220.0,748.0,0,Good,7.731585078148274,6.395204731748724,2022,10,15,5,True,False,False,False,False,True,Medium,0,Q2,2,2022,0.4775223237195936,9.583333333333334,74592.408
847,135,0.309,2020-10-26,37.0,1,2,Unemployed,140996.0,44987.0,658.0,0,Poor,7.226086067804801,11.874715605794282,2020,10,26,0,False,False,False,False,False,True,High,1,Q3,1,2020,0.3190657891004,11.25,43567.764
848,472,0.11,2021-10-24,55.0,1,4,Self-Employed,28763.0,23730.0,697.0,1,Good,4.674421991076666,8.807918494683678,2021,10,24,6,False,True,False,False,False,True,Low,0,Q1,2,2021,0.8250182526162083,39.333333333333336,3163.93
849,411,0.441,2018-03-30,42.0,1,2,Self-Employed,157121.0,78173.0,894.0,1,Average,6.290899531255048,7.1104455619956495,2018,3,30,4,True,False,False,False,False,True,High,1,Q4,1,2018,0.4975337478758409,34.25,69290.361
850,214,0.554,2019-06-05,68.0,1,4,Self-Employed,162934.0,47475.0,719.0,0,Poor,4.423037183521388,6.310070471058831,2019,6,5,2,True,False,False,False,False,True,High,1,Q4,1,2019,0.29137564903580593,17.833333333333332,90265.436
851,11,0.775,2018-01-05,26.0,0,2,Unemployed,98778.0,81684.0,396.0,0,Average,7.7589946407456605,7.722129662907905,2018,1,5,4,False,False,False,False,False,True,Medium,0,Q2,0,2018,0.826945271214238,0.9166666666666666,76552.95
852,295,0.259,2020-09-12,61.0,1,4,Unemployed,143457.0,48863.0,551.0,1,Poor,7.306182096526689,11.461573821820092,2020,9,12,5,False,True,False,True,False,False,High,1,Q3,1,2020,0.34061077535428735,24.583333333333332,37155.363
853,39,0.045,2022-10-07,29.0,0,4,Salaried,123093.0,67744.0,723.0,0,Poor,4.514280338802823,10.071490874348523,2022,10,7,4,False,False,True,False,False,True,High,1,Q3,0,2022,0.5503481107780296,3.25,5539.1849999999995
854,186,0.719,2020-06-06,66.0,1,3,Salaried,63797.0,96038.0,345.0,1,Average,6.829998579215012,10.487730037921466,2020,6,6,5,False,True,False,False,False,False,Medium,0,Q1,2,2020,1.5053685909995769,15.5,45870.043
855,207,0.099,2020-07-11,65.0,0,1,Self-Employed,164706.0,54329.0,793.0,1,Average,7.476841086253046,9.942603303754701,2020,7,11,5,False,False,False,True,False,False,High,1,Q4,1,2020,0.32985440724685194,17.25,16305.894
856,119,0.263,2018-11-21,36.0,1,1,Salaried,117307.0,97258.0,795.0,1,Poor,7.527665868254504,11.139611256454904,2018,11,21,2,False,False,True,False,False,False,High,1,Q3,0,2018,0.8290894831510481,9.916666666666666,30851.741
857,176,0.252,2021-08-22,49.0,1,3,Salaried,48757.0,58393.0,443.0,0,Good,7.219068378073004,10.305227202840657,2021,8,22,6,False,False,True,True,False,False,Low,0,Q1,2,2021,1.1976331603667165,14.666666666666666,12286.764
858,218,0.339,2021-08-02,31.0,1,1,Self-Employed,96397.0,78498.0,843.0,1,Good,6.206244663276305,9.82765828956061,2021,8,2,0,False,False,False,False,False,True,Medium,0,Q2,0,2021,0.8143199477162152,18.166666666666668,32678.583000000002
859,152,0.741,2022-02-19,46.0,1,4,Salaried,105672.0,75638.0,844.0,1,Good,7.178587430161976,9.525639711691097,2022,2,19,5,False,True,False,False,True,False,High,1,Q2,0,2022,0.7157809069573775,12.666666666666666,78302.952
860,298,0.448,2020-10-19,47.0,0,2,Self-Employed,198669.0,24288.0,493.0,0,Good,5.484459356491932,11.297606417727943,2020,10,19,0,False,True,False,True,False,False,High,1,Q4,1,2020,0.12225359769264454,24.833333333333332,89003.712
861,138,0.823,2019-09-24,26.0,0,3,Unemployed,105659.0,91716.0,344.0,1,Good,7.430216725289002,9.125017643274328,2019,9,24,1,False,False,True,False,False,True,High,1,Q2,0,2019,0.8680377440634494,11.5,86957.35699999999
862,385,0.286,2020-01-04,35.0,0,1,Salaried,143578.0,17453.0,733.0,1,Average,4.900412498783662,10.861515669937308,2020,1,4,5,False,False,False,False,True,False,High,1,Q3,1,2020,0.12155762024822744,32.083333333333336,41063.308
863,257,0.873,2018-01-05,27.0,0,1,Self-Employed,119311.0,21379.0,876.0,1,Poor,4.085418177124863,10.70960292963874,2018,1,5,4,False,False,False,False,True,False,High,1,Q3,0,2018,0.17918716631324857,21.416666666666668,104158.503
864,152,0.323,2019-11-26,49.0,1,4,Self-Employed,153640.0,46274.0,595.0,0,Good,6.407019952323859,10.136361551561517,2019,11,26,1,True,False,False,False,True,False,High,1,Q3,1,2019,0.30118458734704506,12.666666666666666,49625.72
865,137,0.947,2021-04-15,55.0,0,1,Salaried,85598.0,39372.0,676.0,0,Poor,7.693033720199365,10.669670560629969,2021,4,15,3,False,True,False,False,True,False,Medium,0,Q2,0,2021,0.45996401785088437,11.416666666666666,81061.306
866,223,0.507,2021-08-13,65.0,0,4,Unemployed,96389.0,83093.0,705.0,1,Poor,5.959041158370818,10.18485417516133,2021,8,13,4,False,False,True,True,False,False,Medium,0,Q2,0,2021,0.8620589486352177,18.583333333333332,48869.223
867,284,0.203,2019-11-23,69.0,1,1,Unemployed,73819.0,41169.0,587.0,1,Poor,6.342168572611164,6.126824716105851,2019,11,23,5,False,False,True,False,False,False,Medium,0,Q2,2,2019,0.5577019466533006,23.666666666666668,14985.257000000001
868,475,0.262,2020-03-12,27.0,0,2,Unemployed,114173.0,96545.0,768.0,0,Good,4.043888348973732,6.101821318553904,2020,3,12,3,True,False,False,False,True,False,High,1,Q3,0,2020,0.84560272568821,39.583333333333336,29913.326
869,447,0.941,2019-12-23,60.0,0,3,Self-Employed,49819.0,26640.0,704.0,0,Poor,7.566229713491351,10.675717991349428,2019,12,23,0,False,True,False,True,False,False,Low,0,Q1,2,2019,0.5347357433910757,37.25,46879.679
870,152,0.536,2022-06-28,28.0,0,3,Self-Employed,190399.0,37767.0,889.0,0,Average,6.136990514840001,11.129441796272747,2022,6,28,1,False,False,False,True,False,False,High,1,Q4,1,2022,0.19835713422864615,12.666666666666666,102053.864
871,487,0.355,2019-01-03,34.0,1,4,Unemployed,133206.0,14157.0,528.0,1,Poor,7.449636827988872,6.996788820062719,2019,1,3,3,False,True,False,False,False,False,High,1,Q3,0,2019,0.10627899644160173,40.583333333333336,47288.13
872,22,0.836,2019-09-01,49.0,0,3,Unemployed,142155.0,75249.0,491.0,0,Average,5.60446652847631,7.128593188908196,2019,9,1,6,False,False,False,False,False,True,High,1,Q3,1,2019,0.5293447293447293,1.8333333333333333,118841.58
873,430,0.167,2019-07-09,64.0,1,4,Salaried,46427.0,40752.0,622.0,0,Average,7.64204864001581,10.327200301830704,2019,7,9,1,False,True,False,False,True,False,Low,0,Q1,2,2019,0.877765093587783,35.833333333333336,7753.309
874,37,0.607,2022-05-13,67.0,1,4,Unemployed,93714.0,66577.0,506.0,0,Poor,4.691523838883311,7.204845403194415,2022,5,13,4,False,False,True,False,False,True,Medium,0,Q2,0,2022,0.7104274708154598,3.0833333333333335,56884.398
875,435,0.041,2020-09-26,50.0,0,4,Salaried,156158.0,68493.0,695.0,0,Average,7.382634625234557,8.663132532755146,2020,9,26,5,False,False,False,False,False,False,High,1,Q4,1,2020,0.43861345560265885,36.25,6402.478
876,34,0.893,2021-09-25,48.0,0,3,Self-Employed,112670.0,30125.0,514.0,1,Good,7.834331263931478,6.479788844802833,2021,9,25,5,False,False,False,False,False,False,High,1,Q3,0,2021,0.26737374633886574,2.8333333333333335,100614.31
877,31,0.207,2019-01-24,32.0,0,1,Salaried,153541.0,26505.0,408.0,1,Average,7.05575381193853,6.64956620359059,2019,1,24,3,False,True,False,False,True,False,High,1,Q3,1,2019,0.1726249014921096,2.5833333333333335,31782.986999999997
878,275,0.633,2019-01-16,55.0,0,4,Salaried,131418.0,59772.0,495.0,1,Average,4.4224591055193425,7.622699262052161,2019,1,16,2,False,False,False,True,False,False,High,1,Q3,0,2019,0.45482354015431675,22.916666666666668,83187.594
879,30,0.946,2021-04-18,38.0,1,4,Unemployed,159241.0,82461.0,764.0,0,Poor,7.680905744169525,11.371098994414488,2021,4,18,6,False,False,True,False,True,False,High,1,Q4,1,2021,0.5178377427923713,2.5,150641.986
880,120,0.492,2021-04-29,35.0,0,2,Self-Employed,67480.0,18095.0,308.0,1,Average,6.847400642018358,6.98990391069208,2021,4,29,3,True,False,False,False,False,True,Medium,0,Q2,2,2021,0.26815352697095435,10.0,33200.159999999996
881,50,0.467,2020-06-13,45.0,1,3,Self-Employed,127933.0,83697.0,889.0,1,Poor,5.021020096740596,8.797058604217808,2020,6,13,5,False,True,False,False,False,False,High,1,Q3,0,2020,0.6542252585337638,4.166666666666667,59744.711
882,364,0.738,2018-10-06,33.0,1,1,Self-Employed,83916.0,88596.0,623.0,0,Good,4.59656517318269,11.369000210094836,2018,10,6,5,True,False,False,False,False,False,Medium,0,Q2,0,2018,1.0557700557700558,30.333333333333332,61930.008
883,396,0.454,2019-04-19,45.0,1,3,Salaried,198170.0,52934.0,662.0,1,Average,5.461932593064487,6.89759186319138,2019,4,19,4,False,True,False,False,False,False,High,1,Q4,1,2019,0.26711409395973157,33.0,89969.18000000001
884,163,0.625,2020-06-10,43.0,0,3,Self-Employed,29507.0,5324.0,536.0,0,Good,6.0795527094937984,8.984006213610687,2020,6,10,2,True,False,False,False,False,True,Low,0,Q1,2,2020,0.18043176195479038,13.583333333333334,18441.875
885,108,0.974,2020-11-03,54.0,0,4,Unemployed,171566.0,11741.0,850.0,0,Average,6.8082203375832195,7.022371425569574,2020,11,3,1,False,True,False,False,False,True,High,1,Q4,1,2020,0.0684343051653591,9.0,167105.28399999999
886,173,0.233,2022-06-05,28.0,0,1,Unemployed,20288.0,18260.0,451.0,0,Good,5.870931946787263,8.979251102083516,2022,6,5,6,False,True,False,True,False,False,Low,0,Q1,2,2022,0.9000394321766562,14.416666666666666,4727.104
887,169,0.388,2022-06-24,21.0,1,4,Unemployed,158295.0,71116.0,433.0,0,Average,4.2024071646484416,10.444211022893493,2022,6,24,4,False,False,False,False,False,True,High,1,Q4,1,2022,0.44926245301494044,14.083333333333334,61418.46
888,174,0.084,2019-02-10,56.0,0,2,Salaried,161094.0,84241.0,795.0,1,Average,5.262611978522678,7.570685789102635,2019,2,10,6,True,False,False,False,False,False,High,1,Q4,1,2019,0.5229307112617478,14.5,13531.896
889,224,0.895,2023-04-27,31.0,0,2,Unemployed,189930.0,62286.0,556.0,1,Good,5.286867472423571,11.995777798220137,2023,4,27,3,False,False,False,True,False,False,High,1,Q4,1,2023,0.3279418733217501,18.666666666666668,169987.35
890,65,0.734,2021-12-15,46.0,1,3,Self-Employed,129614.0,62393.0,767.0,1,Poor,7.3947758193368465,8.726548953923018,2021,12,15,2,True,False,False,False,True,False,High,1,Q3,0,2021,0.48137546869936887,5.416666666666667,95136.67599999999
891,440,0.063,2018-07-18,40.0,1,4,Salaried,163695.0,9762.0,518.0,0,Poor,5.630417793212891,9.848727613981268,2018,7,18,2,False,True,False,False,False,False,High,1,Q4,1,2018,0.05963529735178228,36.666666666666664,10312.785
892,183,0.693,2020-05-16,35.0,1,1,Unemployed,135127.0,24071.0,526.0,0,Good,7.91425847409633,6.663577335824816,2020,5,16,5,False,False,False,False,False,False,High,1,Q3,0,2020,0.17813612379465243,15.25,93643.011
893,19,0.166,2019-01-15,51.0,1,2,Salaried,183462.0,24324.0,504.0,0,Good,6.5371751332984225,9.857065299438895,2019,1,15,1,True,False,False,False,True,False,High,1,Q4,1,2019,0.13258331425581318,1.5833333333333333,30454.692000000003
894,225,0.54,2021-05-21,48.0,0,3,Salaried,185508.0,18898.0,570.0,0,Poor,7.519308822049292,7.297433220873392,2021,5,21,4,False,False,False,False,False,True,High,1,Q4,1,2021,0.10187161739655433,18.75,100174.32
895,321,0.763,2020-09-26,28.0,0,2,Unemployed,78795.0,62788.0,338.0,0,Good,4.40454079993804,8.022435201987099,2020,9,26,5,False,True,False,False,False,False,Medium,0,Q2,2,2020,0.796852592169554,26.75,60120.585
896,99,0.802,2020-09-13,47.0,1,4,Salaried,32433.0,71479.0,827.0,0,Good,4.636107519162177,7.270238727352847,2020,9,13,6,False,True,False,False,True,False,Low,0,Q1,2,2020,2.2038972651311934,8.25,26011.266000000003
897,22,0.777,2019-10-12,25.0,0,4,Salaried,60242.0,22936.0,662.0,0,Poor,7.992405795189414,6.642203382436108,2019,10,12,5,False,False,False,False,False,True,Medium,0,Q1,2,2019,0.38073105142591546,1.8333333333333333,46808.034
898,189,0.615,2021-05-15,29.0,0,1,Self-Employed,88334.0,16497.0,460.0,0,Poor,5.268679429473487,8.722564050552188,2021,5,15,5,False,False,False,False,True,False,Medium,0,Q2,0,2021,0.18675708107863337,15.75,54325.409999999996
899,418,0.698,2018-02-22,40.0,0,3,Salaried,52060.0,61668.0,635.0,0,Good,4.072863133077234,8.733084029801583,2018,2,22,3,False,False,False,False,True,False,Medium,0,Q1,2,2018,1.1845562812139838,34.833333333333336,36337.88
900,329,0.658,2019-12-26,42.0,0,2,Unemployed,46394.0,32562.0,642.0,1,Poor,6.014876570736794,10.462601926599826,2019,12,26,3,False,True,False,False,True,False,Low,0,Q1,2,2019,0.7018579988791654,27.416666666666668,30527.252
901,18,0.968,2018-12-07,25.0,0,3,Unemployed,127245.0,83342.0,775.0,0,Good,5.81049168446028,9.011183367612096,2018,12,7,4,False,True,False,False,True,False,High,1,Q3,0,2018,0.6549726904789972,1.5,123173.16
902,31,0.404,2021-03-02,37.0,0,3,Self-Employed,55703.0,10369.0,328.0,0,Good,5.040300970506278,6.954674156762911,2021,3,2,1,False,False,False,False,True,False,Medium,0,Q1,2,2021,0.1861479633053875,2.5833333333333335,22504.012000000002
903,171,0.167,2020-01-12,37.0,0,3,Salaried,146656.0,45973.0,306.0,0,Good,6.177735371653164,8.574861366948685,2020,1,12,6,False,False,False,False,True,False,High,1,Q3,1,2020,0.3134750709142483,14.25,24491.552
904,337,0.23,2019-06-10,62.0,0,2,Self-Employed,114119.0,8240.0,716.0,0,Average,4.606572115521949,11.30450659502636,2019,6,10,0,True,False,False,False,False,True,High,1,Q3,0,2019,0.07220532952444378,28.083333333333332,26247.370000000003
905,497,0.771,2020-01-05,28.0,0,4,Salaried,123917.0,92798.0,529.0,1,Average,7.242665317417998,6.326276462264703,2020,1,5,6,False,False,False,False,True,False,High,1,Q3,0,2020,0.7488722289919866,41.416666666666664,95540.007
906,415,0.121,2023-05-27,52.0,0,4,Self-Employed,46260.0,52783.0,685.0,1,Average,6.324541870434274,11.584602683076529,2023,5,27,5,False,False,False,False,False,False,Low,0,Q1,2,2023,1.1410073497622135,34.583333333333336,5597.46
907,260,0.059,2020-10-23,62.0,0,4,Unemployed,167716.0,14700.0,475.0,0,Good,7.60566206396068,11.23649338601096,2020,10,23,4,False,True,False,True,False,False,High,1,Q4,1,2020,0.08764816713968852,21.666666666666668,9895.243999999999
908,128,0.903,2021-06-29,26.0,0,3,Salaried,73482.0,25809.0,800.0,0,Good,4.725154864738613,7.047344687063088,2021,6,29,1,False,False,True,False,False,True,Medium,0,Q2,2,2021,0.35122887237690864,10.666666666666666,66354.246
909,221,0.442,2018-08-01,65.0,0,4,Self-Employed,134793.0,20629.0,682.0,1,Average,4.136158244819699,6.964689639476404,2018,8,1,2,True,False,False,False,True,False,High,1,Q3,0,2018,0.15304207191768118,18.416666666666668,59578.506
910,173,0.732,2019-09-22,38.0,1,3,Self-Employed,94798.0,59197.0,491.0,0,Average,4.842313886666679,6.684895337211805,2019,9,22,6,False,False,False,False,True,False,Medium,0,Q2,0,2019,0.6244541024072238,14.416666666666666,69392.136
911,497,0.505,2019-06-04,23.0,0,2,Salaried,122088.0,74744.0,737.0,0,Poor,7.848803376612711,9.377731221356733,2019,6,4,1,False,False,True,False,True,False,High,1,Q3,0,2019,0.6122141406198808,41.416666666666664,61654.44
912,59,0.463,2019-07-02,37.0,0,2,Salaried,183985.0,67039.0,760.0,0,Average,7.545034870500952,9.539008229673259,2019,7,2,1,False,True,False,False,False,False,High,1,Q4,1,2019,0.36437209555126776,4.916666666666667,85185.05500000001
913,438,0.95,2019-02-24,56.0,1,4,Unemployed,73969.0,18756.0,355.0,0,Poor,5.573030939062301,9.346113508605322,2019,2,24,6,True,False,False,True,False,False,Medium,0,Q2,2,2019,0.2535656829212238,36.5,70270.55
914,358,0.08,2018-07-30,44.0,0,4,Salaried,27457.0,59844.0,875.0,0,Average,4.195564695764094,7.768788634535815,2018,7,30,0,False,False,False,False,False,True,Low,0,Q1,2,2018,2.179553483628947,29.833333333333332,2196.56
915,299,0.995,2020-07-31,53.0,0,3,Unemployed,52159.0,47159.0,826.0,1,Poor,4.977585062476361,11.807590724430838,2020,7,31,4,False,False,True,True,False,False,Medium,0,Q1,2,2020,0.904139266473667,24.916666666666668,51898.205
916,271,0.74,2020-07-13,45.0,1,4,Unemployed,184733.0,6515.0,725.0,0,Average,4.2345333056469965,10.002621556764858,2020,7,13,0,False,False,True,False,False,False,High,1,Q4,1,2020,0.03526711524199791,22.583333333333332,136702.42
917,311,0.975,2023-05-19,47.0,0,1,Self-Employed,149026.0,15217.0,626.0,0,Good,4.16822052739632,6.389874456383078,2023,5,19,4,False,True,False,True,False,False,High,1,Q3,1,2023,0.1021096989787017,25.916666666666668,145300.35
918,462,0.356,2022-08-10,30.0,0,4,Salaried,161575.0,27216.0,484.0,1,Poor,4.929938790675045,6.826140082745011,2022,8,10,2,False,False,True,False,False,False,High,1,Q4,1,2022,0.16844190004641807,38.5,57520.7
919,116,0.958,2019-07-31,63.0,1,4,Self-Employed,170613.0,38033.0,425.0,1,Good,7.799156948898625,6.755908934262834,2019,7,31,2,False,True,False,False,False,False,High,1,Q4,1,2019,0.2229197071735448,9.666666666666666,163447.254
920,230,0.914,2023-04-28,56.0,0,2,Self-Employed,41833.0,61102.0,873.0,0,Poor,6.71520531160994,11.163425046296473,2023,4,28,4,True,False,False,False,False,True,Low,0,Q1,2,2023,1.4606172160734348,19.166666666666668,38235.362
921,222,0.02,2018-03-04,68.0,1,3,Unemployed,98738.0,31569.0,644.0,0,Good,4.806695284127276,11.44933771395396,2018,3,4,6,False,False,False,False,True,False,Medium,0,Q2,0,2018,0.3197249285989183,18.5,1974.76
922,343,0.487,2023-05-20,28.0,1,2,Unemployed,132233.0,64404.0,513.0,1,Poor,6.078429346908238,6.409024102487147,2023,5,20,5,True,False,False,False,False,False,High,1,Q3,0,2023,0.4870493749669145,28.583333333333332,64397.471
923,140,0.138,2020-11-28,69.0,0,1,Unemployed,89565.0,15087.0,473.0,1,Average,7.4883110010797616,7.845102363017869,2020,11,28,5,False,True,False,False,False,False,Medium,0,Q2,0,2020,0.16844749623178698,11.666666666666666,12359.970000000001
924,120,0.843,2022-06-23,42.0,0,2,Salaried,20200.0,64188.0,384.0,1,Good,7.200387133262333,8.305834759591866,2022,6,23,3,False,False,False,True,False,False,Low,0,Q1,2,2022,3.177623762376238,10.0,17028.6
925,353,0.719,2022-09-03,48.0,1,4,Self-Employed,41214.0,93166.0,378.0,0,Good,4.838675918641117,11.988331701451752,2022,9,3,5,False,False,False,False,True,False,Low,0,Q1,2,2022,2.2605425340903578,29.416666666666668,29632.865999999998
926,391,0.027,2020-08-17,53.0,1,1,Salaried,88021.0,67090.0,541.0,0,Poor,4.243921255858143,8.107551444486685,2020,8,17,0,False,False,True,False,True,False,Medium,0,Q2,0,2020,0.762204473932357,32.583333333333336,2376.567
927,60,0.349,2020-11-16,67.0,0,3,Salaried,69761.0,90240.0,561.0,0,Poor,4.131082384862354,11.343539642181,2020,11,16,0,False,False,False,False,True,False,Medium,0,Q2,2,2020,1.2935594386548357,5.0,24346.589
928,159,0.238,2018-12-25,26.0,1,2,Unemployed,75170.0,54947.0,602.0,1,Poor,6.616431803028336,6.983458747576768,2018,12,25,1,False,True,False,False,True,False,Medium,0,Q2,2,2018,0.730969801782626,13.25,17890.46
929,169,0.58,2023-05-28,42.0,0,4,Salaried,119000.0,9381.0,751.0,1,Poor,7.4008794067436945,10.199368131458101,2023,5,28,6,True,False,False,False,False,True,High,1,Q3,0,2023,0.07883193277310925,14.083333333333334,69020.0
930,16,0.402,2022-06-19,45.0,1,4,Self-Employed,43362.0,94257.0,425.0,1,Good,4.536673493055912,7.139316303889495,2022,6,19,6,True,False,False,False,True,False,Low,0,Q1,2,2022,2.1737235367372354,1.3333333333333333,17431.524
931,407,0.769,2019-01-04,26.0,1,3,Salaried,23129.0,8715.0,633.0,0,Average,7.443662511543965,7.197281064465489,2019,1,4,4,False,False,False,False,True,False,Low,0,Q1,2,2019,0.3767996887024947,33.916666666666664,17786.201
932,301,0.766,2018-01-19,37.0,0,2,Unemployed,37368.0,66037.0,698.0,1,Poor,4.4853995736182055,6.617137494442376,2018,1,19,4,False,True,False,False,False,True,Low,0,Q1,2,2018,1.767207236137872,25.083333333333332,28623.888
933,430,0.229,2018-10-13,69.0,1,4,Unemployed,188073.0,97132.0,404.0,1,Average,6.995937549516589,11.85577296951774,2018,10,13,5,False,False,True,False,False,True,High,1,Q4,1,2018,0.5164590345238285,35.833333333333336,43068.717000000004
934,293,0.484,2020-04-23,36.0,1,1,Self-Employed,126453.0,18412.0,810.0,0,Poor,7.7419257448344085,6.375038704991624,2020,4,23,3,False,False,True,True,False,False,High,1,Q3,0,2020,0.145603504859513,24.416666666666668,61203.252
935,209,0.798,2019-03-13,52.0,0,1,Unemployed,153189.0,95584.0,563.0,1,Average,7.575508702409637,10.273442228599215,2019,3,13,2,False,True,False,False,True,False,High,1,Q3,1,2019,0.6239612504814315,17.416666666666668,122244.822
936,494,0.875,2022-08-22,42.0,1,3,Self-Employed,133408.0,33280.0,619.0,1,Good,5.169263082269234,7.039865985568797,2022,8,22,0,False,False,True,True,False,False,High,1,Q3,0,2022,0.24946030223075077,41.166666666666664,116732.0
937,422,0.148,2021-11-30,66.0,0,3,Salaried,153865.0,27770.0,579.0,0,Average,7.838440027304034,7.334449940399865,2021,11,30,1,False,False,True,False,False,False,High,1,Q3,1,2021,0.18048289084587138,35.166666666666664,22772.02
938,307,0.481,2021-01-07,36.0,1,3,Unemployed,126188.0,85814.0,875.0,0,Average,5.9517698633043565,10.986838452576421,2021,1,7,3,False,False,False,False,False,False,High,1,Q3,0,2021,0.6800488160522395,25.583333333333332,60696.428
939,138,0.792,2020-08-23,61.0,1,1,Self-Employed,169431.0,5995.0,864.0,1,Poor,7.974143486918072,8.376252712623174,2020,8,23,6,False,True,False,False,False,True,High,1,Q4,1,2020,0.035383135317621925,11.5,134189.352
940,294,0.796,2021-11-16,51.0,1,4,Salaried,183210.0,77841.0,818.0,0,Average,7.9705597900686005,6.3090110821686665,2021,11,16,1,False,False,False,False,True,False,High,1,Q4,1,2021,0.4248730964467005,24.5,145835.16
941,42,0.773,2018-12-31,69.0,1,4,Self-Employed,185501.0,89624.0,646.0,1,Poor,6.771518530424204,8.962796765278956,2018,12,31,0,False,False,True,True,False,False,High,1,Q4,1,2018,0.483145643419712,3.5,143392.27300000002
942,485,0.49,2019-03-30,51.0,0,3,Salaried,87977.0,68058.0,745.0,0,Average,5.858778542985118,6.431659668924153,2019,3,30,5,False,False,False,False,False,False,Medium,0,Q2,0,2019,0.7735885515532469,40.416666666666664,43108.729999999996
943,154,0.371,2022-04-04,61.0,0,3,Self-Employed,84776.0,86504.0,497.0,0,Average,7.359037354122215,8.983631925007987,2022,4,4,0,True,False,False,False,False,False,Medium,0,Q2,0,2022,1.0203831273001793,12.833333333333334,31451.896
944,283,0.452,2018-11-03,64.0,1,1,Salaried,174661.0,41448.0,719.0,0,Poor,6.973038270259177,11.42237287822242,2018,11,3,5,True,False,False,False,True,False,High,1,Q4,1,2018,0.2373054087632614,23.583333333333332,78946.772
945,363,0.531,2018-11-18,30.0,0,3,Self-Employed,65918.0,47364.0,572.0,0,Poor,4.52120441838264,8.334305759275724,2018,11,18,6,False,True,False,False,False,True,Medium,0,Q2,2,2018,0.7185290815862132,30.25,35002.458
946,358,0.124,2021-03-20,57.0,0,3,Unemployed,39104.0,37743.0,840.0,1,Average,4.931182923299186,7.548454310146844,2021,3,20,5,False,True,False,False,False,False,Low,0,Q1,2,2021,0.9651953764320785,29.833333333333332,4848.896
947,397,0.883,2018-05-06,68.0,1,2,Self-Employed,114165.0,76181.0,326.0,1,Good,7.99784541666434,8.86044308276485,2018,5,6,6,False,False,False,False,True,False,High,1,Q3,0,2018,0.6672885735558184,33.083333333333336,100807.695
948,252,0.925,2019-12-19,24.0,1,1,Self-Employed,166812.0,16820.0,523.0,0,Poor,7.22457062975546,11.221991743031577,2019,12,19,3,False,False,False,False,True,False,High,1,Q4,1,2019,0.10083207443109608,21.0,154301.1
949,255,0.458,2021-04-23,66.0,1,3,Salaried,193748.0,73738.0,677.0,0,Good,4.536746468684301,8.537529053012815,2021,4,23,4,False,True,False,False,True,False,High,1,Q4,1,2021,0.3805871544480459,21.25,88736.584
950,458,0.45,2019-05-18,64.0,1,4,Unemployed,33115.0,96337.0,798.0,0,Average,6.705040011638558,8.715160909369516,2019,5,18,5,False,False,True,False,False,True,Low,0,Q1,2,2019,2.9091650309527406,38.166666666666664,14901.75
951,286,0.09,2019-10-16,35.0,0,3,Salaried,66249.0,76368.0,819.0,1,Good,5.550344239815283,10.503647296647966,2019,10,16,2,False,True,False,False,True,False,Medium,0,Q2,2,2019,1.152741928180048,23.833333333333332,5962.41
952,107,0.766,2023-03-02,56.0,0,3,Salaried,105632.0,59807.0,492.0,1,Good,7.038858999047653,8.21443569231329,2023,3,2,3,False,False,True,False,False,True,High,1,Q2,0,2023,0.5661825961829748,8.916666666666666,80914.11200000001
953,479,0.645,2018-08-03,32.0,1,1,Salaried,76648.0,47956.0,513.0,0,Average,6.30114519097295,10.028689413761349,2018,8,3,4,False,False,True,False,True,False,Medium,0,Q2,2,2018,0.6256653793967227,39.916666666666664,49437.96
954,150,0.307,2022-07-22,53.0,1,1,Self-Employed,186698.0,46171.0,377.0,1,Average,4.134903287868373,6.6407086717991985,2022,7,22,4,False,False,True,True,False,False,High,1,Q4,1,2022,0.24730313126010992,12.5,57316.286
955,436,0.664,2021-07-16,29.0,1,1,Self-Employed,97934.0,66778.0,645.0,1,Good,7.409241539465393,6.95144007537643,2021,7,16,4,False,False,True,False,True,False,Medium,0,Q2,0,2021,0.6818673800722936,36.333333333333336,65028.17600000001
956,327,0.143,2022-01-25,58.0,0,3,Salaried,60482.0,69017.0,842.0,0,Average,4.167868177745342,7.3554220669641275,2022,1,25,1,False,False,False,True,False,False,Medium,0,Q1,2,2022,1.1411163651995635,27.25,8648.926
957,456,0.389,2019-03-22,48.0,0,1,Unemployed,59967.0,86596.0,893.0,1,Poor,6.196968817191742,10.31520380577363,2019,3,22,4,False,False,False,True,False,False,Medium,0,Q1,2,2019,1.4440609001617557,38.0,23327.163
958,209,0.935,2021-03-11,59.0,0,2,Salaried,39930.0,12853.0,453.0,0,Average,5.344437476753312,6.067928318462533,2021,3,11,3,False,True,False,False,False,True,Low,0,Q1,2,2021,0.32188830453293266,17.416666666666668,37334.55
959,348,0.894,2019-03-09,61.0,1,1,Salaried,49016.0,36675.0,665.0,0,Good,6.94809306169841,7.896460454336362,2019,3,9,5,False,False,False,False,False,True,Low,0,Q1,2,2019,0.7482250693651052,29.0,43820.304000000004
960,224,0.518,2018-01-30,32.0,0,3,Salaried,96553.0,62426.0,588.0,0,Poor,7.172628264887909,8.680976655177082,2018,1,30,1,True,False,False,True,False,False,Medium,0,Q2,0,2018,0.6465464563503982,18.666666666666668,50014.454000000005
961,445,0.315,2020-09-26,26.0,0,4,Salaried,39076.0,47263.0,859.0,0,Average,7.957563647517288,8.13318994171517,2020,9,26,5,False,True,False,False,False,True,Low,0,Q1,2,2020,1.2095147916879927,37.083333333333336,12308.94
962,81,0.705,2021-02-03,35.0,1,2,Unemployed,124304.0,6943.0,463.0,0,Good,4.086792350244705,10.136772780906124,2021,2,3,2,True,False,False,True,False,False,High,1,Q3,0,2021,0.05585500064358347,6.75,87634.31999999999
963,190,0.58,2020-08-31,45.0,1,2,Self-Employed,185732.0,80886.0,758.0,0,Poor,6.632201211589297,10.458332067659269,2020,8,31,0,False,True,False,False,False,True,High,1,Q4,1,2020,0.4354984601468783,15.833333333333334,107724.56
964,418,0.308,2021-04-19,67.0,1,3,Self-Employed,197901.0,7311.0,448.0,0,Average,7.469157030977049,6.482503964686712,2021,4,19,0,False,False,True,False,False,True,High,1,Q4,1,2021,0.036942713781132994,34.833333333333336,60953.508
965,473,0.218,2022-11-24,24.0,1,3,Self-Employed,120649.0,25683.0,510.0,1,Poor,7.762121649981526,11.565295180065966,2022,11,24,3,True,False,False,True,False,False,High,1,Q3,0,2022,0.21287370802907607,39.416666666666664,26301.482
966,178,0.857,2023-05-09,46.0,0,3,Self-Employed,183793.0,5028.0,704.0,0,Poor,5.288575631259269,11.515977765988472,2023,5,9,1,False,False,True,False,False,True,High,1,Q4,1,2023,0.027356863427878103,14.833333333333334,157510.601
967,305,0.651,2019-07-10,52.0,0,2,Unemployed,99491.0,19834.0,733.0,1,Average,6.221035268667923,6.499880109872906,2019,7,10,2,False,True,False,True,False,False,Medium,0,Q2,0,2019,0.1993547155019047,25.416666666666668,64768.641
968,14,0.395,2018-04-28,30.0,1,4,Salaried,84395.0,34981.0,563.0,0,Average,7.3219243736711785,9.879007489935189,2018,4,28,5,False,False,False,True,False,False,Medium,0,Q2,0,2018,0.4144913798210795,1.1666666666666667,33336.025
969,229,0.831,2021-03-22,26.0,0,1,Unemployed,179865.0,87709.0,599.0,1,Poor,7.25994763903611,9.831215936790151,2021,3,22,0,False,False,False,True,False,False,High,1,Q4,1,2021,0.48763795068523613,19.083333333333332,149467.815
970,331,0.543,2022-09-06,61.0,1,2,Salaried,183246.0,66294.0,565.0,1,Good,4.887233091445349,6.999144942232226,2022,9,6,1,True,False,False,False,False,False,High,1,Q4,1,2022,0.3617759732818179,27.583333333333332,99502.57800000001
971,129,0.984,2018-11-11,22.0,1,3,Salaried,197485.0,59431.0,516.0,1,Poor,6.7069372301266394,10.74779607260998,2018,11,11,6,True,False,False,False,False,True,High,1,Q4,1,2018,0.3009393118464693,10.75,194325.24
972,292,0.08,2022-09-26,43.0,1,4,Unemployed,88268.0,76220.0,332.0,1,Poor,4.684062654151967,11.43082651827687,2022,9,26,0,False,False,False,False,False,True,Medium,0,Q2,0,2022,0.8635065935559886,24.333333333333332,7061.4400000000005
973,360,0.949,2019-06-08,45.0,1,3,Self-Employed,32415.0,66826.0,840.0,0,Average,4.464450520465604,9.337856593319431,2019,6,8,5,True,False,False,False,False,True,Low,0,Q1,2,2019,2.061576430664816,30.0,30761.835
974,52,0.849,2022-07-03,27.0,0,2,Salaried,89237.0,44981.0,621.0,1,Good,7.923272529225785,8.081449350012402,2022,7,3,6,True,False,False,False,False,True,Medium,0,Q2,0,2022,0.504062216345238,4.333333333333333,75762.213
975,386,0.835,2023-03-01,29.0,0,2,Salaried,101410.0,20284.0,403.0,1,Good,5.384553407256018,11.678657717197222,2023,3,1,2,False,False,False,True,False,False,High,1,Q2,0,2023,0.2000197219209151,32.166666666666664,84677.34999999999
976,385,0.762,2021-03-21,51.0,0,2,Salaried,142663.0,75781.0,513.0,1,Good,4.289051646524524,11.316252780413905,2021,3,21,6,False,False,False,False,True,False,High,1,Q3,1,2021,0.5311888856956604,32.083333333333336,108709.206
977,331,0.225,2018-04-24,68.0,0,3,Unemployed,55363.0,81077.0,341.0,1,Poor,4.732285073083924,10.174678884336036,2018,4,24,1,False,False,True,False,False,True,Medium,0,Q1,2,2018,1.464461824684356,27.583333333333332,12456.675000000001
978,296,0.926,2018-07-26,67.0,0,3,Self-Employed,141412.0,30972.0,849.0,1,Average,7.771061789810583,11.259766356230585,2018,7,26,3,False,False,False,False,True,False,High,1,Q3,1,2018,0.2190196022968348,24.666666666666668,130947.512
979,208,0.277,2021-02-23,21.0,0,4,Salaried,165307.0,66392.0,463.0,1,Average,6.954188169997748,11.361161138583768,2021,2,23,1,False,False,True,False,False,False,High,1,Q4,1,2021,0.4016284851821157,17.333333333333332,45790.039000000004
980,121,0.31,2022-11-13,52.0,1,2,Self-Employed,81239.0,35204.0,732.0,1,Average,6.473457334205424,11.068631828105191,2022,11,13,6,False,False,False,True,False,False,Medium,0,Q2,0,2022,0.4333386673888157,10.083333333333334,25184.09
981,423,0.398,2019-06-19,39.0,0,4,Salaried,98692.0,61775.0,781.0,1,Poor,6.811702667797594,7.418347968214605,2019,6,19,2,False,False,False,True,False,False,Medium,0,Q2,0,2019,0.6259372593523285,35.25,39279.416000000005
982,189,0.119,2020-01-05,51.0,1,3,Salaried,74643.0,49869.0,308.0,1,Average,6.664036780479669,10.93091688844413,2020,1,5,6,False,False,False,False,False,True,Medium,0,Q2,2,2020,0.6681001567461115,15.75,8882.517
983,363,0.616,2018-04-05,69.0,0,1,Unemployed,155390.0,16516.0,791.0,0,Poor,4.765515873683736,6.382420827877021,2018,4,5,3,True,False,False,False,False,False,High,1,Q4,1,2018,0.10628740588197438,30.25,95720.24
984,482,0.146,2020-02-01,64.0,1,4,Unemployed,157236.0,47418.0,569.0,0,Average,5.68434014737546,10.654590984854448,2020,2,1,5,False,True,False,False,False,True,High,1,Q4,1,2020,0.30157215904754636,40.166666666666664,22956.456
985,362,0.808,2022-02-28,24.0,0,3,Salaried,122559.0,49043.0,453.0,1,Poor,7.957948560848107,11.268237637939524,2022,2,28,0,False,False,True,False,True,False,High,1,Q3,0,2022,0.4001582911087721,30.166666666666668,99027.672
986,313,0.176,2019-11-05,30.0,0,4,Salaried,59973.0,57255.0,853.0,1,Average,5.266606575478809,10.718996378786532,2019,11,5,1,True,False,False,False,True,False,Medium,0,Q1,2,2019,0.9546796058226201,26.083333333333332,10555.248
987,380,0.126,2022-07-20,35.0,0,2,Unemployed,50575.0,94546.0,344.0,0,Average,6.092030353854501,7.333686163473727,2022,7,20,2,False,False,False,False,True,False,Medium,0,Q1,2,2022,1.8694216510133466,31.666666666666668,6372.45
988,250,0.022,2018-04-25,42.0,0,1,Self-Employed,66551.0,30559.0,676.0,0,Poor,7.192056591746915,7.2214632344941005,2018,4,25,2,False,False,True,True,False,False,Medium,0,Q2,2,2018,0.4591816802151733,20.833333333333332,1464.1219999999998
989,374,0.764,2019-11-19,26.0,0,4,Unemployed,88986.0,50513.0,638.0,1,Poor,4.038103038821628,8.121711660974864,2019,11,19,1,False,False,False,False,True,False,Medium,0,Q2,0,2019,0.5676510911828827,31.166666666666668,67985.304
990,238,0.943,2020-02-08,23.0,1,3,Unemployed,146757.0,25235.0,810.0,0,Good,6.94548779771004,7.73314584130938,2020,2,8,5,False,False,True,False,False,False,High,1,Q3,1,2020,0.1719509120518953,19.833333333333332,138391.851
991,479,0.857,2019-05-22,41.0,0,4,Unemployed,118176.0,30415.0,353.0,0,Poor,5.013006788212754,7.826303130605115,2019,5,22,2,False,True,False,True,False,False,High,1,Q3,0,2019,0.2573703628486326,39.916666666666664,101276.832
992,182,0.2,2021-06-22,53.0,0,1,Self-Employed,161487.0,87557.0,480.0,1,Poor,6.767987749342813,6.00469331879182,2021,6,22,1,False,False,True,False,True,False,High,1,Q4,1,2021,0.5421922507694118,15.166666666666666,32297.4
993,11,0.12,2021-11-11,58.0,1,3,Unemployed,123414.0,58554.0,487.0,0,Average,5.833036492086475,11.250232488374245,2021,11,11,3,False,False,False,False,True,False,High,1,Q3,0,2021,0.4744518450094803,0.9166666666666666,14809.68
994,314,0.35,2018-08-19,21.0,1,1,Salaried,103914.0,72599.0,497.0,0,Good,7.408001005184513,6.646004166303568,2018,8,19,6,False,True,False,False,True,False,High,1,Q2,0,2018,0.6986450333929981,26.166666666666668,36369.899999999994
995,459,0.047,2019-08-24,68.0,0,3,Salaried,113890.0,34254.0,730.0,1,Average,7.5780010291281155,10.898481846526817,2019,8,24,5,True,False,False,False,False,True,High,1,Q3,0,2019,0.3007638949863904,38.25,5352.83
996,453,0.703,2021-10-28,55.0,1,1,Unemployed,144276.0,65401.0,564.0,1,Good,4.970562370276367,9.70822193337095,2021,10,28,3,False,True,False,False,False,True,High,1,Q3,1,2021,0.45330477695528015,37.75,101426.02799999999
997,274,0.219,2020-10-18,41.0,0,1,Unemployed,177490.0,37196.0,807.0,1,Average,6.212375150863346,11.501242324685421,2020,10,18,6,False,True,False,True,False,False,High,1,Q4,1,2020,0.20956673615414953,22.833333333333332,38870.31
998,494,0.646,2020-05-02,57.0,1,2,Unemployed,116762.0,95432.0,875.0,1,Poor,4.609186164721239,8.8572606338786,2020,5,2,5,False,True,False,False,False,True,High,1,Q3,0,2020,0.8173207036535859,41.166666666666664,75428.25200000001
999,130,0.383,2019-08-22,63.0,0,4,Unemployed,199593.0,90196.0,366.0,0,Poor,7.563444459306451,6.856260025604865,2019,8,22,3,False,False,True,False,False,True,High,1,Q4,1,2019,0.4518996157179861,10.833333333333334,76444.119
1000,25,0.591,2021-06-20,24.0,1,2,Self-Employed,88427.0,47918.0,503.0,0,Good,5.840025784827704,11.872000294864577,2021,6,20,6,True,False,False,False,False,False,Medium,0,Q2,0,2021,0.5418933131283431,2.0833333333333335,52260.356999999996
